trade_date,direction,signal,stopped,raw_ret_pts,gross_usd,net_usd,r_multiple
2019-09-09,-1.0,0.001067805760830137,False,4.0000000000000105e-05,500.0000000000013,491.9300000000013,0.4938271604938295
2019-09-13,-1.0,0.006465539764642031,False,-0.0,-0.0,-8.07,-0.0
2019-09-16,-1.0,0.0032171609517753215,False,2.9999999999998778e-05,374.9999999999847,366.9299999999847,0.4255319148935998
2019-09-18,-1.0,0.001074691129765581,False,3.0000000000000512e-05,375.0000000000064,366.93000000000643,0.42857142857143476
2019-09-23,1.0,-0.0021413284413432264,False,3.0000000000000512e-05,375.0000000000064,366.93000000000643,0.43478260869565866
2019-09-24,1.0,-0.0010689471889050444,False,4.99999999999997e-05,624.9999999999962,616.9299999999962,0.7305936073059301
2019-09-25,1.0,-0.0010643960557865904,False,-6.0000000000001025e-05,-750.0000000000128,-758.0700000000129,-0.8500000000000123
2019-09-30,1.0,-0.0010746911297656314,False,0.0,0.0,-8.07,0.0
2019-10-03,-1.0,0.0010666667678024464,False,-2.000000000000092e-05,-250.0000000000115,-258.07000000001153,-0.25889967637541567
2019-10-07,-1.0,0.002125399312313315,False,5.999999999999929e-05,749.9999999999911,741.9299999999911,0.7619047619047512
2019-10-08,-1.0,0.001067805760830137,False,-9.999999999999593e-06,-124.99999999999491,-133.0699999999949,-0.12345679012345165
2019-10-10,1.0,-0.0010700910598445156,False,-4.0000000000000105e-05,-500.0000000000013,-508.0700000000013,-0.47619047619047694
2019-10-11,-1.0,0.001074691129765581,False,5.000000000000143e-05,625.0000000000178,616.9300000000178,0.579710144927552
2019-10-21,1.0,-0.0010804971337541407,False,-9.999999999999593e-06,-124.99999999999491,-133.0699999999949,-0.11396011396010958
2019-10-29,1.0,-0.0010863662122208519,False,9.999999999999593e-06,124.99999999999491,116.92999999999492,0.1333333333333287
2019-11-04,1.0,-0.0010793309196759054,False,-2.9999999999998778e-05,-374.9999999999847,-383.0699999999847,-0.4444444444444282
2019-11-18,-1.0,0.0010863662122207896,False,-1.0000000000001327e-05,-125.00000000001658,-133.0700000000166,-0.17094017094019376
2019-11-21,-1.0,0.0010840109462583103,False,9.999999999999593e-06,124.99999999999491,116.92999999999492,0.16666666666665944
2019-11-25,1.0,-0.0010851873012870748,False,-1.9999999999999185e-05,-249.99999999998983,-258.0699999999898,-0.32520325203250516
2019-12-02,1.0,-0.0010934938213712185,False,4.0000000000000105e-05,500.0000000000013,491.9300000000013,0.7511737089201855
2019-12-11,1.0,-0.0010875476873988823,False,3.0000000000000512e-05,375.0000000000064,366.93000000000643,0.5479452054794577
2019-12-12,1.0,-0.0010851873012870748,True,-5.400000000000023e-05,-675.0000000000028,-683.0700000000029,-0.9999999999999969
2019-12-13,-1.0,0.004362057080165828,False,-9.999999999999593e-06,-124.99999999999491,-133.0699999999949,-0.17777777777776912
2019-12-18,-1.0,0.001088731735196434,False,9.999999999999593e-06,124.99999999999491,116.92999999999492,0.18518518518517582
2019-12-20,1.0,-0.0010875476873988823,False,-9.999999999999593e-06,-124.99999999999491,-133.0699999999949,-0.1877934272300373
2019-12-27,1.0,-0.001091107582334568,False,2.000000000000092e-05,250.0000000000115,241.93000000001152,0.392156862745114
2020-01-06,-1.0,0.002150538463228565,False,5.000000000000143e-05,625.0000000000178,616.9300000000178,0.9259259259259499
2020-01-10,-1.0,0.001091107582334557,False,9.999999999999593e-06,124.99999999999491,116.92999999999492,0.15686274509803214
2020-01-17,1.0,-0.0010982977490625657,False,9.999999999999593e-06,124.99999999999491,116.92999999999492,0.1709401709401641
2020-01-24,1.0,-0.0010922993986089273,False,1.9999999999999185e-05,249.99999999998983,241.92999999998983,0.3292181069958714
2020-01-27,-1.0,0.0032661977866211022,False,-9.999999999999593e-06,-124.99999999999491,-133.0699999999949,-0.1626016260162536
2020-01-29,1.0,-0.0010887317351965606,False,9.999999999999593e-06,124.99999999999491,116.92999999999492,0.16460905349793603
2020-01-30,-1.0,0.001087547687398919,False,-0.0,-0.0,-8.07,-0.0
2020-02-05,-1.0,0.001092299398608865,False,4.0000000000000105e-05,500.0000000000013,491.9300000000013,0.6584362139917727
2020-02-12,1.0,-0.0010958905206370011,False,-1.9999999999999185e-05,-249.99999999998983,-258.0699999999898,-0.37037037037035614
2020-02-18,-1.0,0.0010970928143729272,False,-0.0,-0.0,-8.07,-0.0
2020-02-19,1.0,-0.0010970928143729881,True,-5.5499999999999994e-05,-693.7499999999999,-701.8199999999999,-1.000000000000003
2020-02-24,-1.0,0.0011142062434033359,True,-6.975000000000037e-05,-871.8750000000045,-879.9450000000046,-1.0000000000000104
2020-02-25,-1.0,0.0011055833077498758,False,-4.0000000000000105e-05,-500.0000000000013,-508.0700000000013,-0.5280528052805319
2020-02-26,1.0,-0.0011007155761857384,False,-1.9999999999999185e-05,-249.99999999998983,-258.0699999999898,-0.2515723270440161
2020-02-28,-1.0,0.0032876741941917083,True,-8.324999999999999e-05,-1040.6249999999998,-1048.6949999999997,-1.0000000000000047
2020-03-02,-1.0,0.0053734680611431445,False,9.99999999999994e-05,1249.9999999999925,1241.9299999999926,1.0840108401083972
2020-03-03,-1.0,0.0010828371388318981,True,-9.750000000000036e-05,-1218.7500000000045,-1226.8200000000045,-1.0000000000000073
2020-03-04,-1.0,0.0010712373814988586,False,2.9999999999998778e-05,374.9999999999847,366.9299999999847,0.29411764705881266
2020-03-05,1.0,-0.0010746911297656314,False,0.00014000000000000123,1750.0000000000155,1741.9300000000155,1.3429256594724384
2020-03-06,1.0,-0.002120891569137736,False,6.0000000000001025e-05,750.0000000000128,741.9300000000128,0.5263157894736942
2020-03-10,-1.0,0.0010230179920347083,False,0.0002999999999999999,3749.999999999999,3741.929999999999,2.105263157894741
2020-03-11,-1.0,0.0021074823395645778,False,-4.99999999999997e-05,-624.9999999999962,-633.0699999999963,-0.29629629629629517
2020-03-12,-1.0,0.0020920509722241725,False,8.000000000000021e-05,1000.0000000000026,991.9300000000026,0.4577968526466401
2020-03-13,-1.0,0.008394592843026516,False,0.00028000000000000073,3500.000000000009,3491.930000000009,1.4583333333333395
2020-03-20,1.0,-0.00220507255831387,False,-2.000000000000092e-05,-250.0000000000115,-258.07000000001153,-0.07866273352999384
2020-03-23,-1.0,0.0022099456508028917,False,3.0000000000000512e-05,375.0000000000064,366.93000000000643,0.11396011396011599
2020-03-25,-1.0,0.0022148403295528213,False,-0.0,-0.0,-8.07,-0.0
2020-03-27,1.0,-0.0010899183640257959,False,0.00014000000000000123,1750.0000000000155,1741.9300000000155,0.5045045045045096
2020-03-30,-1.0,0.0010735374085239634,False,-0.0,-0.0,-8.07,-0.0
2020-03-31,1.0,-0.00107353740852408,False,1.9999999999999185e-05,249.99999999998983,241.92999999998983,0.07285974499088968
2020-04-06,1.0,-0.0010828371388319376,False,-4.99999999999997e-05,-624.9999999999962,-633.0699999999963,-0.18779342723004627
2020-04-07,1.0,-0.0010899183640257959,False,4.0000000000000105e-05,500.0000000000013,491.9300000000013,0.1616161616161624
2020-04-09,1.0,-0.0010863662122208519,False,4.0000000000000105e-05,500.0000000000013,491.9300000000013,0.18264840182648487
2020-04-14,1.0,-0.0010746911297656314,False,5.000000000000143e-05,625.0000000000178,616.9300000000178,0.2688172043010838
2020-04-16,-1.0,0.0010735374085239634,False,2.000000000000092e-05,250.0000000000115,241.93000000001152,0.11958146487295053
2020-04-17,1.0,-0.003231020581446309,False,4.0000000000000105e-05,500.0000000000013,491.9300000000013,0.24922118380062439
2020-04-20,1.0,-0.0010746911297656314,False,-9.999999999999593e-06,-124.99999999999491,-133.0699999999949,-0.06734006734006476
2020-04-21,-1.0,0.00107584733346311,False,9.999999999999593e-06,124.99999999999491,116.92999999999492,0.07207207207206931
2020-04-24,-1.0,0.001074691129765581,False,-9.999999999999593e-06,-124.99999999999491,-133.0699999999949,-0.08080808080807758
2020-04-27,1.0,-0.00107353740852408,False,1.9999999999999185e-05,249.99999999998983,241.92999999998983,0.17543859649122107
2020-04-30,1.0,-0.0010655302020383959,False,-5.999999999999929e-05,-749.9999999999911,-758.0699999999912,-0.6015037593984884
2020-05-01,-1.0,0.002143623543251369,False,-2.000000000000092e-05,-250.0000000000115,-258.07000000001153,-0.2005012531328411
2020-05-04,-1.0,0.001067805760830137,False,-9.999999999999593e-06,-124.99999999999491,-133.0699999999949,-0.10256410256409818
2020-05-05,1.0,-0.0010666667678024576,False,3.0000000000000512e-05,375.0000000000064,366.93000000000643,0.3200000000000048
2020-05-06,1.0,-0.0010643960557865904,False,3.999999999999837e-05,499.99999999997965,491.92999999997966,0.44077134986224004
2020-05-12,1.0,-0.0010758473334630141,False,4.0000000000000105e-05,500.0000000000013,491.9300000000013,0.4444444444444444
2020-05-15,-1.0,0.0010723861617524969,False,-0.0,-0.0,-8.07,-0.0
2020-05-18,-1.0,0.0010712373814988586,False,1.9999999999999185e-05,249.99999999998983,241.92999999998983,0.2446483180428033
2020-05-20,1.0,-0.001077006027637949,False,1.9999999999999185e-05,249.99999999998983,241.92999999998983,0.24242424242423208
2020-05-22,1.0,-0.0010758473334630141,False,9.999999999999593e-06,124.99999999999491,116.92999999999492,0.12232415902140165
2020-05-26,1.0,-0.001077006027637949,False,3.0000000000000512e-05,375.0000000000064,366.93000000000643,0.3773584905660448
2020-05-27,1.0,-0.0010746911297656314,False,-1.9999999999999185e-05,-249.99999999998983,-258.0699999999898,-0.2588996763753945
2020-05-28,-1.0,0.001077006027637966,False,-0.0,-0.0,-8.07,-0.0
2020-06-01,-1.0,0.001078167220345445,False,-1.9999999999999185e-05,-249.99999999998983,-258.0699999999898,-0.27491408934706923
2020-06-02,1.0,-0.0010758473334630141,True,-7.349999999999891e-05,-918.7499999999865,-926.8199999999865,-0.9999999999999889
2020-06-09,1.0,-0.0010840109462583367,False,5.999999999999929e-05,749.9999999999911,741.9299999999911,0.7476635514018641
2020-06-12,-1.0,0.0021344725286326196,False,4.99999999999997e-05,624.9999999999962,616.9299999999962,0.5847953216374259
2020-06-15,1.0,-0.0010723861617525938,False,9.999999999999593e-06,124.99999999999491,116.92999999999492,0.11299435028248171
2020-06-22,-1.0,0.0010666667678024464,False,1.9999999999999185e-05,249.99999999998983,241.92999999998983,0.2339181286549626
2020-06-23,-1.0,0.001067805760830137,False,-3.0000000000000512e-05,-375.0000000000064,-383.0700000000064,-0.35087719298246417
2020-06-30,-1.0,0.001074691129765581,False,4.0000000000000105e-05,500.0000000000013,491.9300000000013,0.4336043360433627
2020-07-02,-1.0,0.0010735374085239634,False,9.999999999999593e-06,124.99999999999491,116.92999999999492,0.11204481792716647
2020-07-10,1.0,-0.0010712373814988035,False,3.0000000000000512e-05,375.0000000000064,366.93000000000643,0.4123711340206254
2020-07-17,-1.0,0.0010723861617524969,False,-3.0000000000000512e-05,-375.0000000000064,-383.0700000000064,-0.4301075268817277
2020-07-20,1.0,-0.0010689471889050444,False,-2.000000000000092e-05,-250.0000000000115,-258.07000000001153,-0.2836879432624239
2020-07-28,-1.0,0.0010531859846586405,False,-2.000000000000092e-05,-250.0000000000115,-258.07000000001153,-0.2640264026402756
2020-07-30,-1.0,0.00104876779408443,False,-9.999999999999593e-06,-124.99999999999491,-133.0699999999949,-0.13333333333332756
2020-08-03,-1.0,0.0010576415581354454,False,1.9999999999999185e-05,249.99999999998983,241.92999999998983,0.2279202279202181
2020-08-05,1.0,-0.0010565241341998735,False,9.999999999999593e-06,124.99999999999491,116.92999999999492,0.11019283746556001
2020-08-10,-1.0,0.0010587613482421182,False,9.999999999999593e-06,124.99999999999491,116.92999999999492,0.11019283746556001
2020-08-21,1.0,-0.001057641558135535,False,0.0,0.0,-8.07,0.0
2020-08-24,-1.0,0.0010576415581354454,False,1.9999999999999185e-05,249.99999999998983,241.92999999998983,0.20997375328082954
2020-08-28,-1.0,0.0010655302020383163,True,-9.450000000000083e-05,-1181.2500000000105,-1189.3200000000104,-1.000000000000004
2020-09-01,-1.0,0.0010587613482421182,False,9.999999999999593e-06,124.99999999999491,116.92999999999492,0.10752688172042531
2020-09-09,-1.0,0.0010598835120432524,False,2.000000000000092e-05,250.0000000000115,241.93000000001152,0.22408963585435238
2020-09-11,-1.0,0.0010610080570943254,False,-1.0000000000001327e-05,-125.00000000001658,-133.0700000000166,-0.11494252873564766
2020-09-17,-1.0,0.00104876779408443,False,-2.000000000000092e-05,-250.0000000000115,-258.07000000001153,-0.2515723270440375
2020-09-22,-1.0,0.0010454784015529657,False,3.0000000000000512e-05,375.0000000000064,366.93000000000643,0.3508771929824636
2020-09-25,-1.0,0.0010531859846586405,False,1.9999999999999185e-05,249.99999999998983,241.92999999998983,0.2515723270440165
2020-09-29,1.0,-0.0010542963549060478,False,-1.0000000000001327e-05,-125.00000000001658,-133.0700000000166,-0.1465201465201669
2020-10-05,1.0,-0.00105318598465859,False,-3.0000000000000512e-05,-375.0000000000064,-383.0700000000064,-0.4395604395604474
2020-10-06,-1.0,0.001056524134199868,False,-1.0000000000001327e-05,-125.00000000001658,-133.0700000000166,-0.1449275362319032
2020-10-12,1.0,-0.002111933203143613,False,4.0000000000000105e-05,500.0000000000013,491.9300000000013,0.5797101449275361
2020-10-19,-1.0,0.0010531859846586405,False,9.999999999999593e-06,124.99999999999491,116.92999999999492,0.1587301587301518
2020-11-10,-1.0,0.0010531859846586405,False,-0.0,-0.0,-8.07,-0.0
2020-11-13,-1.0,0.0010509722459752233,False,-4.0000000000000105e-05,-500.0000000000013,-508.0700000000013,-0.4301075268817204
2020-11-23,-1.0,0.0010378828124200214,False,6.999999999999888e-05,874.999999999986,866.929999999986,0.7291666666666492
2020-11-25,1.0,-0.0010443865179062734,False,9.999999999999593e-06,124.99999999999491,116.92999999999492,0.10025062656641119
2020-12-01,-1.0,0.0010432969125776675,False,-0.0,-0.0,-8.07,-0.0
2020-12-03,-1.0,0.0010443865179062505,False,-4.99999999999997e-05,-624.9999999999962,-633.0699999999963,-0.5509641873278192
2020-12-10,1.0,-0.0010422095784436427,False,9.999999999999593e-06,124.99999999999491,116.92999999999492,0.14492753623187776
2020-12-11,-1.0,0.001041124508410732,False,-1.9999999999999185e-05,-249.99999999998983,-258.0699999999898,-0.2898550724637561
2020-12-23,-1.0,0.0010346612407762387,False,-9.999999999999593e-06,-124.99999999999491,-133.0699999999949,-0.14652014652014095
2020-12-24,1.0,-0.0010335918232826594,False,-9.999999999999593e-06,-124.99999999999491,-133.0699999999949,-0.14652014652014064
2021-01-04,-1.0,0.0010314596066622124,False,-0.0,-0.0,-8.07,-0.0
2021-01-13,1.0,-0.0010368067284404715,False,-9.999999999999593e-06,-124.99999999999491,-133.0699999999949,-0.12944983818769704
2021-01-15,1.0,-0.0010368067284404715,False,-9.999999999999593e-06,-124.99999999999491,-133.0699999999949,-0.13071895424836047
2021-01-18,-1.0,0.0010378828124200214,False,-1.0000000000001327e-05,-125.00000000001658,-133.0700000000166,-0.13468013468015239
2021-01-21,1.0,-0.0010346612407763304,False,9.999999999999593e-06,124.99999999999491,116.92999999999492,0.14492753623187804
2021-01-28,-1.0,0.001041124508410732,False,1.0000000000001327e-05,125.00000000001658,116.93000000001658,0.1449275362319029
2021-02-17,1.0,-0.0010598835120433575,False,2.000000000000092e-05,250.0000000000115,241.93000000001152,0.31746031746032993
2021-02-19,1.0,-0.0010565241341998735,False,2.000000000000092e-05,250.0000000000115,241.93000000001152,0.31746031746032993
2021-03-05,1.0,-0.0010793309196759054,False,-2.9999999999998778e-05,-374.9999999999847,-383.0699999999847,-0.38834951456308986
2021-03-11,1.0,-0.0010840109462583367,False,0.0,0.0,-8.07,0.0
2021-03-22,-1.0,0.0032591012009069243,False,2.000000000000092e-05,250.0000000000115,241.93000000001152,0.25157232704403587
2021-03-25,1.0,-0.0010863662122208519,False,-3.0000000000000512e-05,-375.0000000000064,-383.0700000000064,-0.40816326530612795
2021-03-29,1.0,-0.0010958905206370011,False,-9.999999999999593e-06,-124.99999999999491,-133.0699999999949,-0.1388888888888829
2021-04-06,-1.0,0.0011007155761857147,False,-1.9999999999999185e-05,-249.99999999998983,-258.0699999999898,-0.2898550724637555
2021-04-07,-1.0,0.0010970928143729272,False,9.999999999999593e-06,124.99999999999491,116.92999999999492,0.14336917562723428
2021-04-09,-1.0,0.001092299398608865,False,3.0000000000000512e-05,375.0000000000064,366.93000000000643,0.42105263157895473
2021-04-12,1.0,-0.0010958905206370011,False,2.000000000000092e-05,250.0000000000115,241.93000000001152,0.27777777777779133
2021-04-13,-1.0,0.0010934938213712896,False,-3.0000000000000512e-05,-375.0000000000064,-383.0700000000064,-0.41666666666667496
2021-04-14,1.0,-0.0010899183640257959,False,2.000000000000092e-05,250.0000000000115,241.93000000001152,0.272108843537428
2021-04-16,1.0,-0.0010863662122208519,False,0.0,0.0,-8.07,0.0
2021-04-23,-1.0,0.0010793309196758319,False,-0.0,-0.0,-8.07,-0.0
2021-04-27,-1.0,0.0010804971337541789,False,5.999999999999929e-05,749.9999999999911,741.9299999999911,0.8333333333333258
2021-04-30,1.0,-0.0010887317351965606,False,-3.0000000000000512e-05,-375.0000000000064,-383.0700000000064,-0.40404040404041186
2021-05-13,1.0,-0.0010958905206370011,False,2.000000000000092e-05,250.0000000000115,241.93000000001152,0.2614379084967445
2021-05-19,-1.0,0.001088731735196434,False,3.0000000000000512e-05,375.0000000000064,366.93000000000643,0.4040404040404097
2021-05-27,-1.0,0.001091107582334557,False,5.999999999999929e-05,749.9999999999911,741.9299999999911,0.8333333333333243
2021-05-28,1.0,-0.0010982977490625657,False,0.0,0.0,-8.07,0.0
2021-05-31,-1.0,0.001098297749062592,False,-3.0000000000000512e-05,-375.0000000000064,-383.0700000000064,-0.4255319148936251
2021-06-01,1.0,-0.0010946908591816357,False,1.0000000000001327e-05,125.00000000001658,116.93000000001658,0.14492753623190377
2021-06-02,1.0,-0.0010946908591816357,False,0.0,0.0,-8.07,0.0
2021-06-09,1.0,-0.0010946908591816357,False,-9.999999999999593e-06,-124.99999999999491,-133.0699999999949,-0.14492753623187862
2021-06-17,1.0,-0.0011055833077497552,False,4.0000000000000105e-05,500.0000000000013,491.9300000000013,0.6130268199233749
2021-06-23,1.0,-0.0011055833077497552,False,-1.9999999999999185e-05,-249.99999999998983,-258.0699999999898,-0.28985507246375664
2021-07-07,-1.0,0.0011055833077498758,False,-0.0,-0.0,-8.07,-0.0
2021-07-08,1.0,-0.0011055833077497552,False,7.000000000000062e-05,875.0000000000077,866.9300000000077,1.1111111111111158
2021-07-09,-1.0,0.0010970928143729272,False,2.9999999999998778e-05,374.9999999999847,366.9299999999847,0.44444444444442394
2021-07-14,1.0,-0.0011055833077497552,False,6.0000000000001025e-05,750.0000000000128,741.9300000000128,0.8602150537634503
2021-07-21,1.0,-0.0010982977490625657,False,-3.0000000000000512e-05,-375.0000000000064,-383.0700000000064,-0.4210526315789525
2021-07-28,1.0,-0.0010970928143729881,False,0.0,0.0,-8.07,0.0
2021-07-29,1.0,-0.0010982977490625657,False,4.0000000000000105e-05,500.0000000000013,491.9300000000013,0.5498281786941582
2021-08-02,1.0,-0.0010970928143729881,False,4.0000000000000105e-05,500.0000000000013,491.9300000000013,0.5673758865248244
2021-08-17,1.0,-0.0010922993986089273,False,-2.000000000000092e-05,-250.0000000000115,-258.07000000001153,-0.29629629629631116
2021-09-06,1.0,-0.0010970928143729881,False,-9.999999999999593e-06,-124.99999999999491,-133.0699999999949,-0.16666666666666086
2021-09-07,-1.0,0.001098297749062592,False,4.0000000000000105e-05,500.0000000000013,491.9300000000013,0.6751054852320745
2021-09-15,1.0,-0.0010958905206370011,False,3.0000000000000512e-05,375.0000000000064,366.93000000000643,0.519480519480532
2021-09-27,-1.0,0.0011068069751910472,False,2.9999999999998778e-05,374.9999999999847,366.9299999999847,0.4761904761904624
2021-09-29,1.0,-0.0011142062434034647,False,-3.0000000000000512e-05,-375.0000000000064,-383.0700000000064,-0.45454545454546563
2021-10-11,1.0,-0.0011217051092002378,True,-7.574999999999943e-05,-946.8749999999928,-954.9449999999929,-0.9999999999999953
2021-10-12,-1.0,0.0011331445971686754,False,1.9999999999999185e-05,249.99999999998983,241.92999999998983,0.24691358024690405
2021-10-18,1.0,-0.0011422045787769408,False,0.0,0.0,-8.07,0.0
2021-10-25,1.0,-0.0011344300706117583,False,-9.999999999999593e-06,-124.99999999999491,-133.0699999999949,-0.1257861635220068
2021-10-27,1.0,-0.0011409014357915558,False,2.9999999999998778e-05,374.9999999999847,366.9299999999847,0.3809523809523639
2021-11-01,1.0,-0.0011396012629335626,False,0.0,0.0,-8.07,0.0
2021-11-04,-1.0,0.0011396012629335743,False,-2.000000000000092e-05,-250.0000000000115,-258.07000000001153,-0.2614379084967427
2021-11-05,1.0,-0.001137009787075347,False,4.0000000000000105e-05,500.0000000000013,491.9300000000013,0.5079365079365072
2021-11-08,1.0,-0.0011331445971686203,False,9.999999999999593e-06,124.99999999999491,116.92999999999492,0.1269841269841215
2021-11-18,1.0,-0.0011409014357915558,False,0.0,0.0,-8.07,0.0
2021-11-19,1.0,-0.0011422045787769408,False,1.9999999999999185e-05,249.99999999998983,241.92999999998983,0.25889967637539624
2021-11-24,-1.0,0.0011514106050418357,False,1.9999999999999185e-05,249.99999999998983,241.92999999998983,0.24464831804280524
2021-11-29,1.0,-0.0011331445971686203,False,-1.9999999999999185e-05,-249.99999999998983,-258.0699999999898,-0.22408963585433356
2021-12-01,1.0,-0.0011305823702860267,False,2.9999999999998778e-05,374.9999999999847,366.9299999999847,0.31496062992124785
2021-12-02,1.0,-0.0011280317044985255,False,-1.9999999999999185e-05,-249.99999999998983,-258.0699999999898,-0.20356234096691334
2021-12-03,1.0,-0.0011318620336835288,False,4.0000000000000105e-05,500.0000000000013,491.9300000000013,0.41025641025641213
2021-12-06,1.0,-0.0011280317044985255,False,-4.99999999999997e-05,-624.9999999999962,-633.0699999999963,-0.501253132832078
2021-12-09,1.0,-0.001137009787075347,False,3.0000000000000512e-05,375.0000000000064,366.93000000000643,0.31496062992126556
2021-12-17,1.0,-0.0011357184639272685,False,0.0,0.0,-8.07,0.0
2021-12-31,-1.0,0.00115008638323731,False,9.999999999999593e-06,124.99999999999491,116.92999999999492,0.1587301587301532
2022-01-07,-1.0,0.0011580777206276467,False,-1.9999999999999185e-05,-249.99999999998983,-258.0699999999898,-0.34632034632033465
2022-01-10,1.0,-0.0011554016305557627,False,3.0000000000000512e-05,375.0000000000064,366.93000000000643,0.5128205128205242
2022-01-13,1.0,-0.001144819815933196,False,4.0000000000000105e-05,500.0000000000013,491.9300000000013,0.6060606060606083
2022-01-14,1.0,-0.0011409014357915558,False,0.0,0.0,-8.07,0.0
2022-01-21,-1.0,0.0011409014357916423,False,-3.0000000000000512e-05,-375.0000000000064,-383.0700000000064,-0.4545454545454621
2022-01-26,-1.0,0.0011383040500602814,False,5.999999999999929e-05,749.9999999999911,741.9299999999911,0.8695652173912934
2022-01-27,1.0,-0.0011461319306225722,False,-4.99999999999997e-05,-624.9999999999962,-633.0699999999963,-0.6944444444444409
2022-02-14,1.0,-0.0023068060979151706,False,-9.999999999999593e-06,-124.99999999999491,-133.0699999999949,-0.1360544217687022
2022-02-15,-1.0,0.0011554016305558895,False,9.999999999999593e-06,124.99999999999491,116.92999999999492,0.132013201320127
2022-02-17,1.0,-0.0011540682181068616,False,4.0000000000000105e-05,500.0000000000013,491.9300000000013,0.528052805280531
2022-02-21,-1.0,0.00115008638323731,False,-1.0000000000001327e-05,-125.00000000001658,-133.0700000000166,-0.13333333333335115
2022-02-22,-1.0,0.0011474470564766996,False,2.000000000000092e-05,250.0000000000115,241.93000000001152,0.2693602693602819
2022-02-23,1.0,-0.0011500863832373297,False,9.999999999999593e-06,124.99999999999491,116.92999999999492,0.13201320132012678
2022-02-25,-1.0,0.0011554016305558895,False,-0.0,-0.0,-8.07,-0.0
2022-03-07,1.0,-0.001148765203873593,False,-1.9999999999999185e-05,-249.99999999998983,-258.0699999999898,-0.2614379084967213
2022-03-08,1.0,-0.0011527378798082853,False,-2.000000000000092e-05,-250.0000000000115,-258.07000000001153,-0.2564102564102675
2022-03-09,1.0,-0.001156738127823644,False,0.0,0.0,-8.07,0.0
2022-03-10,1.0,-0.0011580777206275977,False,-2.000000000000092e-05,-250.0000000000115,-258.07000000001153,-0.2564102564102675
2022-03-11,-1.0,0.0023201866556973477,False,8.000000000000021e-05,1000.0000000000026,991.9300000000026,1.0666666666666647
2022-03-14,1.0,-0.0011702751481903206,False,-6.0000000000001025e-05,-750.0000000000128,-758.0700000000129,-0.8000000000000101
2022-03-17,1.0,-0.0011841327612166937,False,0.0,0.0,-8.07,0.0
2022-03-18,-1.0,0.001184132761216772,False,3.999999999999837e-05,499.99999999997965,491.92999999997966,0.5177993527507865
2022-03-22,-1.0,0.0011926059851231061,False,8.99999999999998e-05,1124.9999999999975,1116.9299999999976,1.1214953271027979
2022-03-23,1.0,-0.001205545655348559,False,-2.000000000000092e-05,-250.0000000000115,-258.07000000001153,-0.23809523809524802
2022-03-28,-1.0,0.0012187691941294254,False,0.00012000000000000031,1500.0000000000039,1491.930000000004,1.3445378151260479
2022-03-30,-1.0,0.0012262417232445154,False,-5.999999999999929e-05,-749.9999999999911,-758.0699999999912,-0.5594405594405505
2022-04-06,-1.0,0.001233806448928344,False,1.9999999999999185e-05,249.99999999998983,241.92999999998983,0.16771488469600965
2022-04-18,1.0,-0.0037807228399061557,False,-3.0000000000000512e-05,-375.0000000000064,-383.0700000000064,-0.24242424242424646
2022-04-19,1.0,-0.0012682309879950536,False,-0.00010999999999999985,-1374.9999999999982,-1383.0699999999981,-0.905349794238682
2022-04-21,1.0,-0.0012763243596046784,False,-2.0000000000000052e-05,-250.00000000000065,-258.0700000000007,-0.15503875968992303
2022-04-22,1.0,-0.001281230156048573,False,-9.999999999999593e-06,-124.99999999999491,-133.0699999999949,-0.07751937984495812
2022-04-26,1.0,-0.0012795907056251928,False,5.0000000000000565e-05,625.000000000007,616.930000000007,0.39215686274510275
2022-04-27,-1.0,0.0012714559881966659,False,7.000000000000062e-05,875.0000000000077,866.9300000000077,0.5944798301486262
2022-04-28,1.0,-0.0012828738128891524,True,-0.00011399999999999952,-1424.999999999994,-1433.069999999994,-0.9999999999999982
2022-05-02,1.0,-0.0012961764614466856,False,-2.0000000000000052e-05,-250.00000000000065,-258.0700000000007,-0.16985138004246367
2022-05-06,1.0,-0.0012995453420856146,False,-2.0000000000000052e-05,-250.00000000000065,-258.0700000000007,-0.1635991820040906
2022-05-10,1.0,-0.0013012363579717858,False,0.0,0.0,-8.07,0.0
2022-05-17,-1.0,0.0012894908298719137,False,2.0000000000000052e-05,250.00000000000065,241.93000000000066,0.15503875968992314
2022-05-18,1.0,-0.0012928250023051934,False,6.999999999999975e-05,874.9999999999969,866.9299999999969,0.5622489959839345
2022-05-20,1.0,-0.0012763243596046784,False,0.0,0.0,-8.07,0.0
2022-05-24,-1.0,0.0012779554454919874,False,-5.999999999999929e-05,-749.9999999999911,-758.0699999999912,-0.4878048780487753
2022-06-02,-1.0,0.001301236357971734,False,-1.000000000000046e-05,-125.00000000000576,-133.07000000000576,-0.08771929824561815
2022-06-07,1.0,-0.0013183917532583356,False,-4.0000000000000105e-05,-500.0000000000013,-508.0700000000013,-0.3579418344519029
2022-06-10,-1.0,0.005361943141385373,False,-0.0,-0.0,-8.07,-0.0
2022-06-14,1.0,-0.0013360055427422512,False,-3.999999999999924e-05,-499.99999999999045,-508.06999999999044,-0.36036036036035357
2022-06-15,1.0,-0.0026917916657114146,False,0.00010999999999999985,1374.9999999999982,1366.9299999999982,0.9713024282560698
2022-06-16,1.0,-0.001328903850053863,False,0.00010000000000000026,1250.0000000000032,1241.9300000000032,0.8658008658008692
2022-06-17,1.0,-0.0013131978249604722,True,-0.00011999999999999945,-1499.9999999999932,-1508.0699999999931,-0.9999999999999964
2022-06-20,-1.0,0.0013413818242013111,False,9.999999999999593e-06,124.99999999999491,116.92999999999492,0.07707129094412025
2022-06-23,-1.0,0.0013540963477292301,False,-6.000000000000016e-05,-750.0000000000019,-758.070000000002,-0.4651162790697699
2022-06-29,-1.0,0.0013540963477292301,False,2.9999999999999645e-05,374.99999999999557,366.9299999999956,0.22598870056496953
2022-07-07,1.0,-0.0013522652500137608,False,0.0,0.0,-8.07,0.0
2022-07-11,1.0,-0.0013540963477292579,False,-7.000000000000062e-05,-875.0000000000077,-883.0700000000078,-0.5656565656565716
2022-07-14,1.0,-0.0013670542115331123,False,-7.999999999999934e-05,-999.9999999999918,-1008.0699999999919,-0.6881720430107474
2022-07-19,1.0,-0.0013745706631665985,False,0.0,0.0,-8.07,0.0
2022-07-21,1.0,-0.0013764627087233478,False,4.0000000000000105e-05,500.0000000000013,491.9300000000013,0.43010752688172166
2022-07-22,-1.0,0.0013689256073417405,True,-9.074999999999969e-05,-1134.3749999999961,-1142.444999999996,-0.999999999999997
2022-07-27,1.0,-0.0013633267278641645,False,2.0000000000000052e-05,250.00000000000065,241.93000000000066,0.21505376344086094
2022-08-03,1.0,-0.0026560440581162963,False,-2.9999999999999645e-05,-374.99999999999557,-383.06999999999556,-0.2631578947368392
2022-08-04,-1.0,0.0013342230131366622,False,-5.0000000000000565e-05,-625.000000000007,-633.0700000000071,-0.41928721174004685
2022-08-05,1.0,-0.001325381241068682,True,-0.0001244999999999996,-1556.2499999999952,-1564.3199999999952,-0.999999999999997
2022-08-08,1.0,-0.0013468015503786276,False,9.999999999999593e-06,124.99999999999491,116.92999999999492,0.07575757575757266
2022-08-11,-1.0,0.0013253812410687102,False,2.0000000000000052e-05,250.00000000000065,241.93000000000066,0.14492753623188456
2022-08-12,-1.0,0.0013271402080624938,False,2.9999999999999645e-05,374.99999999999557,366.9299999999956,0.21978021978021733
2022-08-22,1.0,-0.001365187925339859,False,-3.0000000000000512e-05,-375.0000000000064,-383.0700000000064,-0.20833333333333684
2022-08-24,-1.0,0.0013651879253397685,False,2.0000000000000052e-05,250.00000000000065,241.93000000000066,0.13468013468013496
2022-08-29,1.0,-0.0027472544751386955,False,-5.0000000000000565e-05,-625.000000000007,-633.0700000000071,-0.35842293906810446
2022-09-01,1.0,-0.002777779563902386,False,-5.0000000000000565e-05,-625.000000000007,-633.0700000000071,-0.41407867494824474
2022-09-09,1.0,-0.0014398850579875322,False,6.999999999999975e-05,874.9999999999969,866.9299999999969,0.6572769953051618
2022-09-12,-1.0,0.0014255169912211687,False,1.000000000000046e-05,125.00000000000576,116.93000000000575,0.08948545861297952
2022-09-13,1.0,-0.001427551991185335,False,-8.000000000000021e-05,-1000.0000000000026,-1008.0700000000027,-0.7111111111111128
2022-09-14,1.0,-0.0014461318499996267,False,7.999999999999934e-05,999.9999999999918,991.9299999999918,0.6751054852320616
2022-09-21,1.0,-0.0014234877848537351,False,-1.000000000000046e-05,-125.00000000000576,-133.07000000000576,-0.08888888888889283
2022-09-22,1.0,-0.001427551991185335,False,8.99999999999998e-05,1124.9999999999975,1116.9299999999976,0.7947019867549638
2022-09-26,1.0,-0.0014214643473775366,False,-4.99999999999997e-05,-624.9999999999962,-633.0699999999963,-0.380952380952378
2022-09-27,1.0,-0.0014336920018486968,False,0.0,0.0,-8.07,0.0
2022-10-05,1.0,-0.0014295928095944335,False,-2.0000000000000052e-05,-250.00000000000065,-258.0700000000007,-0.16064257028112472
2022-10-11,-1.0,0.0014461318499997134,False,9.999999999999593e-06,124.99999999999491,116.92999999999492,0.08830022075054822
2022-10-18,-1.0,0.001480385170434425,False,1.000000000000046e-05,125.00000000000576,116.93000000000575,0.1002506265664207
2022-10-21,-1.0,0.0014914245866698983,True,-7.949999999999971e-05,-993.7499999999964,-1001.8199999999964,-0.9999999999999993
2022-10-24,1.0,-0.0029368596733097135,False,-4.99999999999997e-05,-624.9999999999962,-633.0699999999963,-0.5420054200541983
2022-10-26,1.0,-0.0014716706114562507,False,8.99999999999998e-05,1124.9999999999975,1116.9299999999976,0.863309352517986
2022-10-27,1.0,-0.0014545457109942127,False,9.999999999999593e-06,124.99999999999491,116.92999999999492,0.09259259259258903
2022-10-28,1.0,-0.0014545457109942127,False,-5.0000000000000565e-05,-625.000000000007,-633.0700000000071,-0.45045045045045645
2022-10-31,1.0,-0.0014673516939496204,False,-4.99999999999997e-05,-624.9999999999962,-633.0699999999963,-0.44150110375275725
2022-11-02,1.0,-0.0014738396183006637,False,2.0000000000000052e-05,250.00000000000065,241.93000000000066,0.1720430107526889
2022-11-07,1.0,-0.001460920639674871,False,1.000000000000046e-05,125.00000000000576,116.93000000000575,0.08080808080808467
2022-11-08,-1.0,0.0014587894636598666,False,-4.0000000000000105e-05,-500.0000000000013,-508.0700000000013,-0.31558185404339384
2022-11-10,-1.0,0.0014587894636598666,True,-0.00013124999999999942,-1640.6249999999927,-1648.6949999999927,-0.9999999999999967
2022-11-11,1.0,-0.0028169032711133804,False,0.00014999999999999996,1874.9999999999995,1866.9299999999996,1.000000000000001
2022-11-14,1.0,-0.006930034664669632,False,0.0,0.0,-8.07,0.0
2022-11-15,1.0,-0.002785517121426312,False,4.0000000000000105e-05,500.0000000000013,491.9300000000013,0.24353120243531282
2022-11-17,1.0,-0.0013898542890543016,False,-3.0000000000000512e-05,-375.0000000000064,-383.0700000000064,-0.1716738197424922
2022-11-18,1.0,-0.0013976242666378616,False,0.0,0.0,-8.07,0.0
2022-11-24,1.0,-0.0013917886728226083,False,6.000000000000016e-05,750.0000000000019,741.9300000000019,0.3791469194312804
2022-11-25,1.0,-0.0013821702269516474,False,-2.0000000000000052e-05,-250.00000000000065,-258.0700000000007,-0.12638230647709348
2022-11-28,1.0,-0.0013879252748481914,False,1.000000000000046e-05,125.00000000000576,116.93000000000575,0.0637958532695404
2022-11-29,-1.0,0.001386001607877153,False,-0.0,-0.0,-8.07,-0.0
2022-11-30,-1.0,0.0013840832659385552,False,-2.9999999999999645e-05,-374.99999999999557,-383.06999999999556,-0.18779342723004458
2022-12-06,-1.0,0.0013651879253397685,False,2.0000000000000052e-05,250.00000000000065,241.93000000000066,0.11251758087201144
2022-12-12,-1.0,0.0013651879253397685,False,5.999999999999929e-05,749.9999999999911,741.9299999999911,0.3980099502487511
2022-12-14,-1.0,0.0013540963477292301,False,-1.000000000000046e-05,-125.00000000000576,-133.07000000000576,-0.06633499170812904
2022-12-15,1.0,-0.0013522652500137608,False,-0.00011999999999999945,-1499.9999999999932,-1508.0699999999931,-0.7920792079207876
2022-12-19,-1.0,0.004045858519543575,False,4.99999999999997e-05,624.9999999999962,616.9299999999962,0.31595576619273086
2022-12-20,-1.0,0.0013540963477292301,True,-0.0001559999999999999,-1949.9999999999986,-1958.0699999999986,-0.9999999999999982
2022-12-27,1.0,-0.0013149245813090288,False,-2.9999999999999645e-05,-374.99999999999557,-383.06999999999556,-0.1731601731601711
2023-01-03,-1.0,0.003893580519132241,False,1.000000000000046e-05,125.00000000000576,116.93000000000575,0.0617283950617312
2023-01-13,1.0,-0.0012828738128891524,False,8.99999999999998e-05,1124.9999999999975,1116.9299999999976,0.5194805194805177
2023-02-06,1.0,-0.00392413845613437,False,-4.99999999999997e-05,-624.9999999999962,-633.0699999999963,-0.32840722495894703
2023-02-08,-1.0,0.0013046316266647274,False,2.9999999999999645e-05,374.99999999999557,366.9299999999956,0.1913875598086102
2023-02-14,1.0,-0.0013183917532583356,False,-4.0000000000000105e-05,-500.0000000000013,-508.0700000000013,-0.2721088435374157
2023-03-01,1.0,-0.0013596195160395954,False,1.000000000000046e-05,125.00000000000576,116.93000000000575,0.08130081300813385
2023-03-02,1.0,-0.0013596195160395954,False,-2.0000000000000052e-05,-250.00000000000065,-258.0700000000007,-0.1666666666666673
2023-03-03,1.0,-0.001365187925339859,False,4.99999999999997e-05,624.9999999999962,616.9299999999962,0.4192872117400398
2023-03-13,-1.0,0.005298025637555194,False,-3.999999999999924e-05,-499.99999999999045,-508.06999999999044,-0.3703703703703634
2023-03-14,-1.0,0.0013131978249603929,False,6.000000000000016e-05,750.0000000000019,741.9300000000019,0.5298013245033129
2023-03-16,1.0,-0.0013131978249604722,False,-9.999999999999593e-06,-124.99999999999491,-133.0699999999949,-0.08438818565400506
2023-03-17,1.0,-0.0026350476380051138,False,0.00010000000000000026,1250.0000000000032,1241.9300000000032,0.808080808080811
2023-03-20,-1.0,0.003898640415657323,False,-0.0,-0.0,-8.07,-0.0
2023-03-21,-1.0,0.0012961764614466762,False,7.000000000000062e-05,875.0000000000077,866.9300000000077,0.5243445692883943
2023-03-23,1.0,-0.0012961764614466856,False,5.0000000000000565e-05,625.000000000007,616.930000000007,0.3546099290780183
2023-03-24,1.0,-0.0025806465934916254,False,0.0,0.0,-8.07,0.0
2023-03-27,-1.0,0.0012911557636198078,False,6.000000000000016e-05,750.0000000000019,741.9300000000019,0.4324324324324333
2023-03-31,1.0,-0.0013114755978106444,False,0.0,0.0,-8.07,0.0
2023-04-03,1.0,-0.003944778291016341,False,4.99999999999997e-05,624.9999999999962,616.9299999999962,0.34013605442176614
2023-04-13,-1.0,0.0013183917532582322,False,-1.9999999999999185e-05,-249.99999999998983,-258.0699999999898,-0.15594541910330736
2023-04-17,1.0,-0.001325381241068682,False,-2.9999999999999645e-05,-374.99999999999557,-383.06999999999556,-0.24242424242423946
2023-04-26,1.0,-0.001325381241068682,False,0.0,0.0,-8.07,0.0
2023-05-01,1.0,-0.0013522652500137608,False,-6.999999999999975e-05,-874.9999999999969,-883.069999999997,-0.6436781609195379
2023-05-04,-1.0,0.0026773777707163942,False,-2.0000000000000052e-05,-250.00000000000065,-258.0700000000007,-0.18648018648018688
2023-05-24,-1.0,0.0013802624689584903,False,4.0000000000000105e-05,500.0000000000013,491.9300000000013,0.39215686274509953
2023-05-25,1.0,-0.0013879252748481914,False,-4.0000000000000105e-05,-500.0000000000013,-508.0700000000013,-0.3864734299516923
2023-05-29,1.0,-0.0014015419252884445,False,9.999999999999593e-06,124.99999999999491,116.92999999999492,0.10416666666666242
2023-06-08,-1.0,0.0013995803544232636,False,-6.000000000000016e-05,-750.0000000000019,-758.070000000002,-0.6400000000000008
2023-06-12,-1.0,0.0013917886728224851,False,2.0000000000000052e-05,250.00000000000065,241.93000000000066,0.21680216802168029
2023-07-06,-1.0,0.0014295928095943715,False,-2.0000000000000052e-05,-250.00000000000065,-258.0700000000007,-0.2492211838006231
2023-07-17,-1.0,0.0013745706631665632,False,-0.0,-0.0,-8.07,-0.0
2023-07-26,-1.0,0.0013976242666379351,False,-3.0000000000000512e-05,-375.0000000000064,-383.0700000000064,-0.30769230769231254
2023-07-28,1.0,-0.0027624326959100726,True,-0.00010649999999999982,-1331.2499999999977,-1339.3199999999977,-0.9999999999999969
2023-08-02,-1.0,0.0028409110016036497,False,2.0000000000000052e-05,250.00000000000065,241.93000000000066,0.1559454191033142
2023-08-28,1.0,-0.001458789463659873,False,0.0,0.0,-8.07,0.0
2023-08-29,1.0,-0.001460920639674871,False,4.0000000000000105e-05,500.0000000000013,491.9300000000013,0.49844236760124827
2023-08-30,1.0,-0.0014545457109942127,False,-1.000000000000046e-05,-125.00000000000576,-133.07000000000576,-0.12345679012346265
2023-09-11,-1.0,0.007358384931186957,False,-1.000000000000046e-05,-125.00000000000576,-133.07000000000576,-0.13201320132013805
2023-09-18,-1.0,0.0014566644964641641,False,-0.0,-0.0,-8.07,-0.0
2023-09-21,1.0,-0.001460920639674871,False,3.0000000000000512e-05,375.0000000000064,366.93000000000643,0.44943820224719727
2023-09-28,-1.0,0.0014760150281204576,False,-1.000000000000046e-05,-125.00000000000576,-133.07000000000576,-0.16460905349794963
2023-09-29,1.0,-0.0014738396183006637,False,0.0,0.0,-8.07,0.0
2023-10-02,1.0,-0.0014760150281205415,False,-9.999999999999593e-06,-124.99999999999491,-133.0699999999949,-0.18018018018017234
2023-10-04,1.0,-0.0014716706114562507,False,0.0,0.0,-8.07,0.0
2023-10-09,-1.0,0.0014760150281204576,False,-3.0000000000000512e-05,-375.0000000000064,-383.0700000000064,-0.4878048780487886
2023-10-17,1.0,-0.0014803851704343308,False,-9.999999999999593e-06,-124.99999999999491,-133.0699999999949,-0.16666666666665997
2023-10-23,-1.0,0.001484781267579224,False,-0.0,-0.0,-8.07,-0.0
2023-10-26,1.0,-0.0014892035514678568,False,-9.999999999999593e-06,-124.99999999999491,-133.0699999999949,-0.180180180180173
2023-11-01,1.0,-0.0015048911794202768,False,2.9999999999999645e-05,374.99999999999557,366.9299999999956,0.5333333333333266
2023-11-09,-1.0,0.001500375375234492,False,2.9999999999999645e-05,374.99999999999557,366.9299999999956,0.5333333333333266
2023-11-10,-1.0,0.0015048911794203067,False,9.999999999999593e-06,124.99999999999491,116.92999999999492,0.1801801801801726
2023-11-15,1.0,-0.0014958865915826911,False,-4.0000000000000105e-05,-500.0000000000013,-508.0700000000013,-0.6837606837606844
2023-11-29,-1.0,0.001469507979359978,False,-0.0,-0.0,-8.07,-0.0
2023-11-30,-1.0,0.0014673516939497444,False,5.999999999999929e-05,749.9999999999911,741.9299999999911,0.7766990291262065
2023-12-04,-1.0,0.0014652017273279626,False,3.0000000000000512e-05,375.0000000000064,366.93000000000643,0.3738317757009422
2023-12-05,-1.0,0.001469507979359978,False,-0.0,-0.0,-8.07,-0.0
2023-12-08,1.0,-0.0028735651957318073,False,-3.999999999999924e-05,-499.99999999999045,-508.06999999999044,-0.3980099502487494
2023-12-11,1.0,-0.001448226176364875,False,-4.99999999999997e-05,-624.9999999999962,-633.0699999999963,-0.4597701149425268
2023-12-14,-1.0,0.0028530689824064807,False,-4.0000000000000105e-05,-500.0000000000013,-508.0700000000013,-0.3354297693920349
2023-12-19,-1.0,0.0014074597678797698,False,6.000000000000016e-05,750.0000000000019,741.9300000000019,0.5031446540880521
2023-12-21,-1.0,0.0014154284033305378,False,-6.000000000000016e-05,-750.0000000000019,-758.070000000002,-0.4938271604938285
2024-01-03,1.0,-0.001403509002320198,False,-5.999999999999929e-05,-749.9999999999911,-758.0699999999912,-0.4878048780487745
2024-01-23,-1.0,0.0014673516939497444,False,2.0000000000000052e-05,250.00000000000065,241.93000000000066,0.2116402116402119
2024-01-25,-1.0,0.0014630580517603152,False,2.0000000000000052e-05,250.00000000000065,241.93000000000066,0.19607843137254924
2024-01-26,-1.0,0.0014652017273279626,False,2.0000000000000052e-05,250.00000000000065,241.93000000000066,0.20050125313283226
2024-01-29,1.0,-0.001469507979360106,False,3.0000000000000512e-05,375.0000000000064,366.93000000000643,0.31007751937984973
2024-02-01,-1.0,0.0014587894636598666,False,-2.0000000000000052e-05,-250.00000000000065,-258.0700000000007,-0.2133333333333337
2024-02-05,1.0,-0.0014738396183006637,False,-9.999999999999593e-06,-124.99999999999491,-133.0699999999949,-0.11111111111110646
2024-02-14,-1.0,0.0014981276210219918,False,-0.0,-0.0,-8.07,-0.0
2024-02-21,1.0,-0.0014936522567833646,False,-9.999999999999593e-06,-124.99999999999491,-133.0699999999949,-0.13888888888888334
2024-03-01,1.0,-0.0014958865915826911,False,0.0,0.0,-8.07,0.0
2024-03-08,-1.0,0.0014781968693107436,True,-5.5499999999999994e-05,-693.7499999999999,-701.8199999999999,-0.9999999999999986
2024-03-14,-1.0,0.0014760150281204576,False,2.9999999999999645e-05,374.99999999999557,366.9299999999956,0.49382716049382136
2024-03-18,-1.0,0.001469507979359978,False,1.000000000000046e-05,125.00000000000576,116.93000000000575,0.1626016260162677
2024-04-03,-1.0,0.0014981276210219918,False,1.000000000000046e-05,125.00000000000576,116.93000000000575,0.14652014652015366
2024-04-05,1.0,-0.0014958865915826911,False,-1.000000000000046e-05,-125.00000000000576,-133.07000000000576,-0.14981273408240434
2024-04-11,1.0,-0.0015140048312150718,False,-9.999999999999593e-06,-124.99999999999491,-133.0699999999949,-0.17316017316016652
2024-04-23,-1.0,0.0015349197180837407,False,9.999999999999593e-06,124.99999999999491,116.92999999999492,0.20512820512819635
2024-04-26,1.0,-0.0015444018513740248,True,-4.6500000000000534e-05,-581.2500000000067,-589.3200000000068,-1.0000000000000087
2024-04-30,1.0,-0.0015491869868292669,False,-6.000000000000016e-05,-750.0000000000019,-758.070000000002,-0.833333333333334
2024-05-01,1.0,-0.001566171032744835,False,9.999999999999593e-06,124.99999999999491,116.92999999999492,0.13071895424836055
2024-05-03,1.0,-0.003048782849358593,False,2.9999999999999645e-05,374.99999999999557,366.9299999999956,0.3030303030302992
2024-05-06,-1.0,0.0015186031771900596,False,5.0000000000000565e-05,625.000000000007,616.930000000007,0.4901960784313781
2024-05-13,1.0,-0.0015491869868292669,False,-9.999999999999593e-06,-124.99999999999491,-133.0699999999949,-0.09592326139088334
2024-05-17,-1.0,0.001546790718298733,False,2.0000000000000052e-05,250.00000000000065,241.93000000000066,0.18140589569161056
2024-05-24,1.0,-0.0015637219761827587,False,0.0,0.0,-8.07,0.0
2024-06-04,-1.0,0.0015588467692910996,True,-5.774999999999964e-05,-721.8749999999956,-729.9449999999956,-0.9999999999999952
2024-06-05,1.0,-0.0015444018513740248,True,-6.149999999999992e-05,-768.7499999999991,-776.8199999999991,-1.0000000000000004
2024-06-10,1.0,-0.001566171032744835,False,0.0,0.0,-8.07,0.0
2024-06-11,1.0,-0.0015686277726265983,False,0.0,0.0,-8.07,0.0
2024-06-13,-1.0,0.0015661710327448761,False,2.0000000000000052e-05,250.00000000000065,241.93000000000066,0.30303030303030454
2024-06-20,1.0,-0.00155884676929119,False,-2.9999999999999645e-05,-374.99999999999557,-383.06999999999556,-0.47619047619047167
2024-06-24,1.0,-0.0015760444554656545,False,0.0,0.0,-8.07,0.0
2024-06-27,1.0,-0.0015885626851379528,False,0.0,0.0,-8.07,0.0
2024-07-02,1.0,-0.0015961695328222147,False,0.0,0.0,-8.07,0.0
2024-07-04,-1.0,0.0015987213636968517,False,-1.000000000000046e-05,-125.00000000000576,-133.07000000000576,-0.16666666666667426
2024-07-08,1.0,-0.0015910902322417405,False,0.0,0.0,-8.07,0.0
2024-07-10,1.0,-0.0015961695328222147,False,-9.999999999999593e-06,-124.99999999999491,-133.0699999999949,-0.17543859649122107
2024-07-12,1.0,-0.001573564447430552,False,5.0000000000000565e-05,625.000000000007,616.930000000007,0.7751937984496206
2024-07-15,1.0,-0.0031298930089277044,False,9.999999999999593e-06,124.99999999999491,116.92999999999492,0.14981273408239074
2024-07-17,-1.0,0.0015686277726266555,True,-6.900000000000048e-05,-862.500000000006,-870.5700000000061,-1.0000000000000056
2024-07-22,-1.0,0.0015612805669524105,False,-1.000000000000046e-05,-125.00000000000576,-133.07000000000576,-0.12820512820513397
2024-07-31,-1.0,0.0030395160178968176,True,-0.00010274999999999954,-1284.3749999999943,-1292.4449999999943,-0.9999999999999963
2024-08-02,-1.0,0.00297177038915748,True,-0.00011924999999999956,-1490.6249999999945,-1498.6949999999945,-0.9999999999999968
2024-08-06,1.0,-0.0014295928095944335,False,-4.0000000000000105e-05,-500.0000000000013,-508.0700000000013,-0.2821869488536163
2024-08-07,-1.0,0.0028735651957317787,False,0.00011999999999999945,1499.9999999999932,1491.9299999999932,0.7999999999999963
2024-08-08,-1.0,0.0014587894636598666,False,2.9999999999999645e-05,374.99999999999557,366.9299999999956,0.18691588785046515
2024-08-16,1.0,-0.0014847812675793362,False,6.999999999999975e-05,874.9999999999969,866.9299999999969,0.4444444444444432
2024-08-22,1.0,-0.0014461318499996267,False,-5.0000000000000565e-05,-625.000000000007,-633.0700000000071,-0.2936857562408258
2024-08-29,-1.0,0.001441961316901184,False,2.0000000000000052e-05,250.00000000000065,241.93000000000066,0.12519561815336508
2024-08-30,1.0,-0.0014461318499996267,False,-5.0000000000000565e-05,-625.000000000007,-633.0700000000071,-0.3205128205128245
2024-09-03,1.0,-0.0014652017273279918,False,6.000000000000016e-05,750.0000000000019,741.9300000000019,0.4347826086956538
2024-09-04,-1.0,0.0014524330803150226,False,-7.999999999999934e-05,-999.9999999999918,-1008.0699999999919,-0.5925925925925881
2024-09-09,-1.0,0.0014214643473776684,False,4.0000000000000105e-05,500.0000000000013,491.9300000000013,0.30828516377649434
2024-09-10,1.0,-0.0014295928095944335,False,4.0000000000000105e-05,500.0000000000013,491.9300000000013,0.3065134099616871
2024-09-16,-1.0,0.0027816429618767705,False,9.999999999999593e-06,124.99999999999491,116.92999999999492,0.07751937984495812
2024-09-17,-1.0,0.0013898542890542977,False,8.000000000000021e-05,1000.0000000000026,991.9300000000026,0.6464646464646484
2024-09-18,1.0,-0.0014054816087348096,False,-9.999999999999593e-06,-124.99999999999491,-133.0699999999949,-0.08032128514055902
2024-09-19,-1.0,0.002812941376614436,False,2.9999999999999645e-05,374.99999999999557,366.9299999999956,0.24242424242423966
2024-09-24,1.0,-0.001419446654226143,False,2.0000000000000052e-05,250.00000000000065,241.93000000000066,0.1568627450980396
2024-09-30,1.0,-0.0014074597678797173,False,-7.000000000000062e-05,-875.0000000000077,-883.0700000000078,-0.5017921146953446
2024-10-01,-1.0,0.0014214643473776684,False,-0.0,-0.0,-8.07,-0.0
2024-10-02,1.0,-0.0014214643473775366,False,-0.0001299999999999999,-1624.9999999999989,-1633.0699999999988,-0.9219858156028354
2024-10-08,1.0,-0.0014673516939496204,False,0.0,0.0,-8.07,0.0
2024-10-17,-1.0,0.001484781267579224,False,3.0000000000000512e-05,375.0000000000064,366.93000000000643,0.24096385542169077
2024-10-24,1.0,-0.0015163005179639638,False,3.999999999999924e-05,499.99999999999045,491.92999999999046,0.3532008830022009
2024-10-28,1.0,-0.004548908526369129,False,-9.999999999999593e-06,-124.99999999999491,-133.0699999999949,-0.10025062656641205
2024-11-01,1.0,-0.001511716085321856,False,-4.0000000000000105e-05,-500.0000000000013,-508.0700000000013,-0.45197740112994517
2024-11-04,-1.0,0.004555816535860661,False,-1.000000000000046e-05,-125.00000000000576,-133.07000000000576,-0.12345679012346265
2024-11-11,1.0,-0.0015186031771901275,False,-4.0000000000000105e-05,-500.0000000000013,-508.0700000000013,-0.45584045584045807
2024-11-12,1.0,-0.0015302221807675935,False,-3.0000000000000512e-05,-375.0000000000064,-383.0700000000064,-0.33613445378151907
2024-11-14,-1.0,0.0015491869868293187,False,3.999999999999924e-05,499.99999999999045,491.92999999999046,0.4301075268817129
2024-11-18,1.0,-0.001537279318886478,False,-9.999999999999593e-06,-124.99999999999491,-133.0699999999949,-0.10256410256409859
2024-11-25,-1.0,0.004618945856294679,False,1.000000000000046e-05,125.00000000000576,116.93000000000575,0.1033591731266198
2024-12-09,1.0,-0.0014981276210221032,False,-4.99999999999997e-05,-624.9999999999962,-633.0699999999963,-0.4938271604938237
2024-12-19,1.0,-0.0015302221807675935,True,-9.599999999999973e-05,-1199.9999999999966,-1208.0699999999965,-0.9999999999999979
2025-01-08,1.0,-0.001566171032744835,False,-1.000000000000046e-05,-125.00000000000576,-133.07000000000576,-0.11594202898551319
2025-01-09,1.0,-0.001571092232041101,False,9.999999999999593e-06,124.99999999999491,116.92999999999492,0.12232415902140234
2025-01-13,-1.0,0.0015661710327448761,False,-0.0,-0.0,-8.07,-0.0
2025-01-14,-1.0,0.0015637219761827589,False,2.0000000000000052e-05,250.00000000000065,241.93000000000066,0.2492211838006248
2025-01-20,1.0,-0.001551590691418833,False,2.9999999999999645e-05,374.99999999999557,366.9299999999956,0.36036036036035757
2025-01-22,-1.0,0.0015444018513739856,False,4.99999999999997e-05,624.9999999999962,616.9299999999962,0.6666666666666654
2025-01-30,-1.0,0.0015444018513739856,False,-4.0000000000000105e-05,-500.0000000000013,-508.0700000000013,-0.47619047619047955
2025-01-31,1.0,-0.0015349197180837017,False,-3.0000000000000512e-05,-375.0000000000064,-383.0700000000064,-0.3539823008849635
2025-02-04,1.0,-0.0015396461855927501,False,2.0000000000000052e-05,250.00000000000065,241.93000000000066,0.22598870056497322
2025-02-10,1.0,-0.0015071592905713629,False,-1.9999999999999185e-05,-249.99999999998983,-258.0699999999898,-0.20671834625322236
2025-02-14,1.0,-0.0015232295405215258,False,3.0000000000000512e-05,375.0000000000064,366.93000000000643,0.29850746268657324
2025-02-18,1.0,-0.001509434248854181,False,-2.0000000000000052e-05,-250.00000000000065,-258.0700000000007,-0.2005012531328332
2025-02-26,1.0,-0.0014869891215782557,False,0.0,0.0,-8.07,0.0
2025-02-27,-1.0,0.0014869891215781449,False,4.0000000000000105e-05,500.0000000000013,491.9300000000013,0.4040404040404054
2025-03-03,1.0,-0.0030075210639553284,False,6.000000000000016e-05,750.0000000000019,741.9300000000019,0.5925925925925939
2025-03-05,1.0,-0.004474280394921189,False,4.0000000000000105e-05,500.0000000000013,491.9300000000013,0.38647342995169154
2025-03-10,-1.0,0.0029542118974313827,False,-1.000000000000046e-05,-125.00000000000576,-133.07000000000576,-0.09592326139089159
2025-03-11,-1.0,0.0014716706114562507,False,2.9999999999999645e-05,374.99999999999557,366.9299999999956,0.2857142857142819
2025-03-13,-1.0,0.0014825799602226743,False,-2.0000000000000052e-05,-250.00000000000065,-258.0700000000007,-0.19184652278177486
2025-03-20,-1.0,0.0014738396183005232,False,-0.0,-0.0,-8.07,-0.0
2025-03-21,1.0,-0.0014738396183006637,False,-1.9999999999999185e-05,-249.99999999998983,-258.0699999999898,-0.1975308641975226
2025-03-26,1.0,-0.0014847812675793362,False,-2.9999999999999645e-05,-374.99999999999557,-383.06999999999556,-0.3030303030302992
2025-04-04,-1.0,0.0028985527540112575,False,4.0000000000000105e-05,500.0000000000013,491.9300000000013,0.42328042328042415
2025-04-08,-1.0,0.0014673516939497444,False,-7.000000000000062e-05,-875.0000000000077,-883.0700000000078,-0.6526806526806581
2025-04-10,-1.0,0.00293255342127772,True,-0.00011925000000000043,-1490.6250000000055,-1498.6950000000054,-1.0000000000000029
2025-04-14,1.0,-0.0014255169912210611,False,3.0000000000000512e-05,375.0000000000064,366.93000000000643,0.22471910112359908
2025-04-17,-1.0,0.001409443503233604,False,3.0000000000000512e-05,375.0000000000064,366.93000000000643,0.21857923497268072
2025-04-21,-1.0,0.0014134277971471646,False,-5.999999999999929e-05,-749.9999999999911,-758.0699999999912,-0.42780748663100976
2025-04-22,-1.0,0.0013995803544232636,False,4.0000000000000105e-05,500.0000000000013,491.9300000000013,0.2807017543859649
2025-04-23,1.0,-0.007057192309998751,False,-4.0000000000000105e-05,-500.0000000000013,-508.0700000000013,-0.27633851468048365
2025-04-30,-1.0,0.0014154284033305378,False,4.0000000000000105e-05,500.0000000000013,491.9300000000013,0.26936026936026963
2025-05-02,-1.0,0.0014482261763649699,False,-2.0000000000000052e-05,-250.00000000000065,-258.0700000000007,-0.12944983818770242
2025-05-05,-1.0,0.001441961316901184,False,-4.99999999999997e-05,-624.9999999999962,-633.0699999999963,-0.3316749585406278
2025-05-07,1.0,-0.0014174346809735046,False,-6.999999999999975e-05,-874.9999999999969,-883.069999999997,-0.4938271604938248
2025-05-12,1.0,-0.005805531545320624,False,-0.00010000000000000026,-1250.0000000000032,-1258.0700000000031,-0.7936507936507953
2025-05-13,1.0,-0.0014781968693108945,False,4.99999999999997e-05,624.9999999999962,616.9299999999962,0.3921568627450955
2025-05-14,1.0,-0.001469507979360106,False,4.0000000000000105e-05,500.0000000000013,491.9300000000013,0.3212851405622499
2025-05-19,-1.0,0.004357305368955626,False,-3.0000000000000512e-05,-375.0000000000064,-383.0700000000064,-0.24242424242424668
2025-05-28,-1.0,0.0014398850579875444,False,2.9999999999999645e-05,374.99999999999557,366.9299999999956,0.24999999999999695
2025-06-06,-1.0,0.001433692001848616,False,6.999999999999975e-05,874.9999999999969,866.9299999999969,0.6436781609195376
2025-06-16,1.0,-0.002853068982406399,False,-3.0000000000000512e-05,-375.0000000000064,-383.0700000000064,-0.28776978417266663
2025-06-17,-1.0,0.001433692001848616,False,2.0000000000000052e-05,250.00000000000065,241.93000000000066,0.18779342723004738
2025-06-18,1.0,-0.0014378147696275827,False,1.000000000000046e-05,125.00000000000576,116.93000000000575,0.09523809523809955
2025-06-23,1.0,-0.001448226176364875,False,1.000000000000046e-05,125.00000000000576,116.93000000000575,0.09950248756219357
2025-06-25,1.0,-0.0014357504261041534,False,-1.000000000000046e-05,-125.00000000000576,-133.07000000000576,-0.09803921568627888
2025-06-30,-1.0,0.001433692001848616,False,-2.0000000000000052e-05,-250.00000000000065,-258.0700000000007,-0.20202020202020204
2025-07-02,-1.0,0.0014234877848537057,False,9.999999999999593e-06,124.99999999999491,116.92999999999492,0.10335917312661048
2025-07-04,-1.0,0.0014378147696276391,False,-2.0000000000000052e-05,-250.00000000000065,-258.0700000000007,-0.21164021164021166
2025-07-09,-1.0,0.0014545457109943617,False,-1.000000000000046e-05,-125.00000000000576,-133.07000000000576,-0.10416666666667118
2025-07-14,-1.0,0.0014630580517603152,False,2.0000000000000052e-05,250.00000000000065,241.93000000000066,0.22038567493112937
2025-07-18,-1.0,0.0014760150281204576,False,9.999999999999593e-06,124.99999999999491,116.92999999999492,0.10416666666666223
2025-07-21,-1.0,0.0014760150281204576,False,-5.0000000000000565e-05,-625.000000000007,-633.0700000000071,-0.5333333333333385
2025-07-23,1.0,-0.0014566644964641555,False,1.000000000000046e-05,125.00000000000576,116.93000000000575,0.10840108401084499
2025-07-25,1.0,-0.0014630580517603286,False,-2.0000000000000052e-05,-250.00000000000065,-258.0700000000007,-0.2203856749311299
2025-07-31,1.0,-0.0014869891215782557,False,-6.000000000000016e-05,-750.0000000000019,-758.070000000002,-0.6557377049180347
2025-08-01,-1.0,0.001500375375234492,True,-9.225000000000032e-05,-1153.1250000000039,-1161.1950000000038,-1.0000000000000033
2025-08-11,-1.0,0.0014716706114562507,False,2.9999999999999645e-05,374.99999999999557,366.9299999999956,0.31007751937984146
2025-08-12,-1.0,0.0014760150281204576,False,-1.000000000000046e-05,-125.00000000000576,-133.07000000000576,-0.10416666666667146
2025-08-19,1.0,-0.0014738396183006637,False,2.0000000000000052e-05,250.00000000000065,241.93000000000066,0.21857923497267823
2025-08-20,1.0,-0.0014716706114562507,False,2.0000000000000052e-05,250.00000000000065,241.93000000000066,0.22792022792022867
2025-09-01,1.0,-0.0014673516939496204,False,-1.000000000000046e-05,-125.00000000000576,-133.07000000000576,-0.13605442176871374
2025-09-02,-1.0,0.001469507979359978,False,6.000000000000016e-05,750.0000000000019,741.9300000000019,0.8510638297872365
2025-09-08,1.0,-0.0029498546464211237,False,2.0000000000000052e-05,250.00000000000065,241.93000000000066,0.25889967637540556
2025-09-18,1.0,-0.0014545457109942127,False,-5.0000000000000565e-05,-625.000000000007,-633.0700000000071,-0.6410256410256492
2025-10-10,1.0,-0.0015209128407066201,False,6.999999999999975e-05,874.9999999999969,866.9299999999969,0.8805031446540833
2025-10-13,1.0,-0.0015071592905713629,False,-1.9999999999999185e-05,-249.99999999998983,-258.0699999999898,-0.24024024024023008
2025-10-16,-1.0,0.0015026298845350965,False,-2.9999999999999645e-05,-374.99999999999557,-383.06999999999556,-0.3773584905660328
2025-10-27,1.0,-0.0030441423812281325,False,1.000000000000046e-05,125.00000000000576,116.93000000000575,0.12698412698413283
2025-10-28,-1.0,0.0015209128407065232,False,-3.0000000000000512e-05,-375.0000000000064,-383.0700000000064,-0.38834951456311323
2025-10-30,-1.0,0.0015209128407065232,False,6.000000000000016e-05,750.0000000000019,741.9300000000019,0.784313725490198
2025-11-10,1.0,-0.0015302221807675935,False,-2.0000000000000052e-05,-250.00000000000065,-258.0700000000007,-0.28070175438596556
2025-11-20,1.0,-0.001566171032744835,False,-2.0000000000000052e-05,-250.00000000000065,-258.0700000000007,-0.28673835125448066
2025-11-21,-1.0,0.0015710922320411461,False,-4.0000000000000105e-05,-500.0000000000013,-508.0700000000013,-0.5734767025089613
2025-11-24,1.0,-0.0015612805669524645,False,-1.000000000000046e-05,-125.00000000000576,-133.07000000000576,-0.14035087719298875
2025-12-01,1.0,-0.00155884676929119,False,3.0000000000000512e-05,375.0000000000064,366.93000000000643,0.47058823529412563
2025-12-03,1.0,-0.0015564205476581953,False,2.9999999999999645e-05,374.99999999999557,366.9299999999956,0.4545454545454489
2025-12-08,-1.0,0.00155159069141885,False,2.9999999999999645e-05,374.99999999999557,366.9299999999956,0.47058823529411303
2025-12-11,1.0,-0.00155884676929119,False,2.0000000000000052e-05,250.00000000000065,241.93000000000066,0.3065134099616872
2025-12-12,-1.0,0.007745972114655329,False,9.999999999999593e-06,124.99999999999491,116.92999999999492,0.1515151515151457
2025-12-17,-1.0,0.0015349197180837407,False,4.99999999999997e-05,624.9999999999962,616.9299999999962,0.7662835249042107
2025-12-18,-1.0,0.0015444018513739856,False,-0.0,-0.0,-8.07,-0.0
2025-12-22,-1.0,0.0015637219761827589,False,-2.0000000000000052e-05,-250.00000000000065,-258.0700000000007,-0.3100775193798459
2025-12-31,-1.0,0.0015540018667343205,False,2.0000000000000052e-05,250.00000000000065,241.93000000000066,0.32128514056225016
2026-01-05,-1.0,0.0015588467692910996,False,-2.0000000000000052e-05,-250.00000000000065,-258.0700000000007,-0.32921810699588566
2026-01-06,1.0,-0.0015540018667343138,False,-9.999999999999593e-06,-124.99999999999491,-133.0699999999949,-0.1646090534979355
2026-01-12,1.0,-0.001571092232041101,False,0.0,0.0,-8.07,0.0
2026-01-15,-1.0,0.0015760444554657142,False,2.0000000000000052e-05,250.00000000000065,241.93000000000066,0.3418803418803422
2026-01-16,-1.0,0.0015785322930497896,False,-2.0000000000000052e-05,-250.00000000000065,-258.0700000000007,-0.34188034188034266
2026-01-19,-1.0,0.0031397200046678463,False,3.0000000000000512e-05,375.0000000000064,366.93000000000643,0.5194805194805279
2026-01-22,-1.0,0.0015760444554657142,False,9.999999999999593e-06,124.99999999999491,116.92999999999492,0.1801801801801726
2026-01-26,-1.0,0.0077220460939103185,False,-2.0000000000000052e-05,-250.00000000000065,-258.0700000000007,-0.3174603174603174
2026-01-27,1.0,-0.0015349197180837017,False,8.000000000000021e-05,1000.0000000000026,991.9300000000026,1.1985018726591754
2026-02-02,1.0,-0.0030864222031893912,False,-2.0000000000000052e-05,-250.00000000000065,-258.0700000000007,-0.24024024024023996
2026-02-05,-1.0,0.0015637219761827589,False,1.000000000000046e-05,125.00000000000576,116.93000000000575,0.11594202898551231
2026-02-09,1.0,-0.0031397200046677527,False,6.999999999999975e-05,874.9999999999969,866.9299999999969,0.825958702064892
2026-02-11,1.0,-0.0015396461855927501,False,6.000000000000016e-05,750.0000000000019,741.9300000000019,0.6504065040650413
2026-02-13,1.0,-0.0015232295405215258,False,0.0,0.0,-8.07,0.0
2026-02-16,-1.0,0.001523229540521638,False,4.0000000000000105e-05,500.0000000000013,491.9300000000013,0.41025641025641024
2026-02-23,-1.0,0.001546790718298733,False,-9.999999999999593e-06,-124.99999999999491,-133.0699999999949,-0.1075268817204256
2026-02-26,-1.0,0.0015612805669524105,False,-0.0,-0.0,-8.07,-0.0
2026-02-27,-1.0,0.0015588467692910996,False,1.000000000000046e-05,125.00000000000576,116.93000000000575,0.11799410029499068
2026-03-09,1.0,-0.0031595602903684815,False,2.0000000000000052e-05,250.00000000000065,241.93000000000066,0.24464831804281376
2026-03-10,-1.0,0.0015760444554657142,False,2.0000000000000052e-05,250.00000000000065,241.93000000000066,0.25396825396825434
2026-03-13,-1.0,0.0063492276786587445,False,1.000000000000046e-05,125.00000000000576,116.93000000000575,0.14336917562724655
2026-03-23,-1.0,0.0015810279973187732,False,-3.0000000000000512e-05,-375.0000000000064,-383.0700000000064,-0.4255319148936236
2026-03-26,1.0,-0.0015835316056443847,False,-9.999999999999593e-06,-124.99999999999491,-133.0699999999949,-0.1498127340823906
2026-03-30,1.0,-0.0015910902322417405,False,2.0000000000000052e-05,250.00000000000065,241.93000000000066,0.3030303030303033
2026-04-02,-1.0,0.0015785322930497896,False,4.0000000000000105e-05,500.0000000000013,491.9300000000013,0.6060606060606061
2026-04-08,-1.0,0.0015860431556347797,False,-3.0000000000000512e-05,-375.0000000000064,-383.0700000000064,-0.48780487804878814
2026-04-10,-1.0,0.0015810279973187732,False,2.0000000000000052e-05,250.00000000000065,241.93000000000066,0.3174603174603174
2026-04-13,1.0,-0.0015860431556347402,False,9.999999999999593e-06,124.99999999999491,116.92999999999492,0.1606425702811176
2026-04-20,1.0,-0.0031595602903684815,False,9.999999999999593e-06,124.99999999999491,116.92999999999492,0.18018018018017215
2026-04-22,-1.0,0.0015885626851379615,False,-0.0,-0.0,-8.07,-0.0
2026-05-04,-1.0,0.0031250025431352807,False,2.0000000000000052e-05,250.00000000000065,241.93000000000066,0.3100775193798453
2026-05-08,1.0,-0.0015637219761827587,False,1.000000000000046e-05,125.00000000000576,116.93000000000575,0.13605442176871366
2026-05-25,-1.0,0.0015885626851379615,False,-0.0,-0.0,-8.07,-0.0
2026-06-01,1.0,-0.0015910902322417405,False,-9.999999999999593e-06,-124.99999999999491,-133.0699999999949,-0.22222222222221324
2026-06-05,-1.0,0.0015987213636968517,False,9.999999999999593e-06,124.99999999999491,116.92999999999492,0.31007751937983313
2026-06-08,1.0,-0.0016012813669738792,False,1.000000000000046e-05,125.00000000000576,116.93000000000575,0.3030303030303173
2026-06-12,-1.0,0.0063694482854799285,False,1.000000000000046e-05,125.00000000000576,116.93000000000575,0.32520325203253614
2026-06-15,-1.0,0.0031746058407726395,False,2.9999999999999645e-05,374.99999999999557,366.9299999999956,0.975609756097552
2026-06-18,-1.0,0.0015961695328221347,False,3.0000000000000512e-05,375.0000000000064,366.93000000000643,0.9756097560975845
