event_date,thursday_close,friday_open,friday_noon,overnight_spike_bp,short_reversal_bp
2019-05-17,25859.0,25642.0,25888.0,-84.27070705260553,-95.4790874557216
2019-06-21,26761.0,26754.0,26828.0,-2.616088961944252,-27.6212336409627
2019-07-19,27208.0,27322.0,27257.0,41.811907604011104,23.818696103039255
2019-08-16,25569.0,25731.0,25860.0,63.158104681239735,-50.00882667317387
2019-09-20,27085.0,27141.0,27133.0,20.654306018519815,2.9480045907576975
2019-10-18,26990.0,26920.0,26861.0,-25.96922253386225,21.940842925516503
2019-11-15,27746.0,27862.0,27896.0,41.72067625499298,-12.195560893169738
2019-12-20,28390.0,28504.0,28499.0,40.07457818655028,1.754293638167918
2020-01-17,29252.0,29322.0,29295.0,23.90140107368072,9.212345193208751
2020-02-21,29197.0,29080.0,29011.0,-40.15311604802922,23.755842539997595
2020-03-20,19940.0,20195.0,19979.0,127.07284481683864,107.53327097564339
2020-04-17,23400.0,24039.0,23810.0,269.414891003874,95.7185096527179
2020-05-15,23541.0,23334.0,23372.0,-88.3205741178057,-16.27200290525434
2020-06-19,25941.0,26301.0,26055.0,137.8223262815532,93.97272913380259
2020-07-17,26617.0,26685.0,26594.0,25.51500389886605,34.159833513940484
2020-08-21,27675.0,27647.0,27711.0,-10.122556086503039,-23.122232925324795
2020-09-18,27789.0,27795.0,27761.0,2.1588946543267347,12.239903608886173
2020-10-16,28388.0,28509.0,28636.0,42.533062345513464,-44.448406366505985
2020-11-20,29426.0,29382.0,29296.0,-14.963953275199215,29.312540160804698
2020-12-18,30207.0,30211.0,30022.0,1.3241087112595407,62.75650234729136
2021-01-15,30902.0,30707.0,30746.0,-63.30265096779017,-12.692628589601668
2021-02-19,31444.0,31510.0,31561.0,20.967698376732628,-16.172253845831914
2021-03-19,32768.0,32707.0,32619.0,-18.63307144677898,26.941815886425314
2021-04-16,33928.0,34071.0,34017.0,42.05950405329363,15.86182919806558
2021-05-21,34042.0,34184.0,34252.0,41.62641955942496,-19.87258822221823
2021-06-18,33697.0,33304.0,33306.0,-117.31302731544291,-0.6005104340489933
2021-07-16,34867.0,34967.0,34784.0,28.639364307097768,52.4724863837035
2021-08-20,34829.0,34841.0,35041.0,3.444811287116242,-57.239502607198816
2021-09-17,34630.0,34561.0,34440.0,-19.944797119049728,35.071991428955684
2021-10-15,34784.0,35048.0,35059.0,75.6103957279846,-3.13806041915031
2021-11-19,35819.0,35736.0,35623.0,-23.198948284505573,31.67087387808648
2021-12-17,35778.0,35545.0,35321.0,-65.33679987577445,63.21811475698982
2022-01-21,34600.0,34604.0,34547.0,1.1560025444921074,16.485665546244096
2022-02-18,34233.0,34193.0,33991.0,-11.691463641406049,59.251610634890596
2022-03-18,34379.0,34255.0,34257.0,-36.13373398513815,-0.5838393275825783
2022-05-20,31200.0,31440.0,30981.0,76.62872745569098,147.06854203629223
2022-06-17,29934.0,29829.0,29812.0,-35.13883440909118,5.700776465987834
2022-07-15,30610.0,31061.0,31168.0,146.26259995108802,-34.389145076945745
2022-08-19,33995.0,33827.0,33711.0,-49.541548055485535,34.35106578999422
2022-09-16,31064.0,30702.0,30794.0,-117.21793378356416,-29.920667567172178
2022-10-21,30349.0,30337.0,30804.0,-3.9547836919230863,-152.76462012676345
2022-11-18,33588.0,33788.0,33737.0,59.36849543933554,15.105519347652208
2022-12-16,33441.0,33158.0,32944.0,-84.98677258322668,64.74864531839864
2023-01-20,33150.0,33182.0,33215.0,9.648435892920052,-9.940208960407867
2023-02-17,33738.0,33613.0,33660.0,-37.119016354033896,-13.972918599436381
2023-03-17,32491.0,32300.0,32039.0,-58.9589767988237,81.1331950179253
2023-04-21,33919.0,33978.0,33897.0,17.379270026732407,23.867414645041006
2023-05-19,33615.0,33669.0,33486.0,16.05136781228437,54.50091667876956
2023-06-16,34733.0,34853.0,34718.0,34.48973039235585,38.80932269001536
2023-07-21,35397.0,35457.0,35492.0,16.93623912321387,-9.866242748781747
2023-08-18,34524.0,34369.0,34605.0,-44.99739060051958,-68.43184996467402
2023-09-15,35261.0,35166.0,35043.0,-26.97830593942351,35.038278806784014
2023-10-20,33536.0,33480.0,33431.0,-16.71243077302389,14.646323850892973
2023-11-17,35015.0,35053.0,34991.0,10.846607217430652,17.703162638465987
2023-12-15,37648.0,37555.0,37660.0,-24.733068470315796,-27.919980910313548
2024-01-19,37654.0,37767.0,37787.0,29.9651514971179,-5.294226769502564
2024-02-16,38857.0,38799.0,38842.0,-14.937676621206387,-11.076623020426227
2024-03-15,39360.0,39213.0,39192.0,-37.41747712528275,5.356801352507645
2024-04-19,38001.0,38091.0,38156.0,23.655585861589277,-17.049855271976032
2024-05-17,40008.0,40050.0,40029.0,10.492393977657391,5.244820859749282
2024-06-21,39578.0,39606.0,39539.0,7.072136079767403,16.930953567509352
2024-07-19,40954.0,40808.0,40613.0,-35.71345005743038,47.89928220736816
2024-08-16,40692.0,40620.0,40730.0,-17.70956779263228,-27.043655080825165
2024-09-20,42441.0,42342.0,42342.0,-23.353748981587238,-0.0
2024-10-18,43501.0,43487.0,43439.0,-3.218834809600287,11.043877523108733
2024-11-15,43900.0,43718.0,43564.0,-41.54403473315105,35.28795394370597
2024-12-20,42796.0,42642.0,43548.0,-36.04957203547008,-210.2409494612042
2025-01-17,43379.0,43665.0,43802.0,65.71412830412447,-31.326125746789046
2025-02-21,44274.0,43997.0,43880.0,-62.76147528691038,26.628143685640378
2025-03-21,42291.0,41940.0,41989.0,-83.34271983124171,-11.67653744647935
2025-05-16,42417.0,42450.0,42417.0,7.776874795431843,7.776874795431445
2025-07-18,44725.0,44790.0,44548.0,14.52270824425914,54.176406883549994
2025-08-15,44988.0,45284.0,45075.0,65.57981674087742,46.26000126482022
2025-09-19,46508.0,46630.0,46511.0,26.197700138678535,25.55267062835363
2025-10-17,46165.0,46130.0,46325.0,-7.584376548620417,-42.18274601694396
2025-11-21,45831.0,46023.0,46475.0,41.80553479050516,-97.73262076761664
2025-12-19,48309.0,48405.0,48570.0,19.852354680662067,-34.02942185618651
2026-01-16,49649.0,49643.0,49590.0,-1.208556582062029,10.681931421922002
2026-02-20,49462.0,49322.0,49553.0,-28.34469017907601,-46.7257487300628
2026-03-20,46339.0,46192.0,46089.0,-31.77316221976937,22.323131039466432
2026-04-17,48766.0,49275.0,49858.0,103.83504314243905,-117.62111937627067
2026-05-15,50158.0,49809.0,49656.0,-69.82332527687248,30.76461482407356
2026-06-19,51976.0,51943.0,51942.0,-6.351100589738301,0.19252057564278746
2026-07-17,52783.0,52246.0,52747.0,-102.25836281363335,-95.43565810474033
