exit_date,trade_number,signal,qty,net_pnl_usd,pnl_per_contract,commission_usd,mae_usd,mfe_usd,duration_bars
2022-08-25,1,EOD flat,2,398.36,199.18,3.64,-189.82,468.18,28
2022-08-29,2,EOD flat,2,-408.64,-204.32,3.64,-633.82,14.18,26
2022-09-01,3,EOD flat,2,265.36,132.68,3.64,-167.82,301.18,7
2022-09-01,4,EOD flat,2,192.36,96.18,3.64,-240.82,228.18,7
2022-09-02,5,SL/TP Long,2,-1303.64,-651.82,3.64,-1301.82,161.18,13
2022-09-02,6,SL/TP Long,2,-1397.64,-698.82,3.64,-1395.82,18.18,13
2022-09-07,7,EOD flat,2,547.36,273.68,3.64,-100.82,720.18,23
2022-09-07,8,EOD flat,2,489.36,244.68,3.64,-158.82,662.18,23
2022-09-08,9,EOD flat,2,391.36,195.68,3.64,-439.82,527.18,28
2022-09-08,10,EOD flat,2,374.36,187.18,3.64,-456.82,510.18,26
2022-09-14,11,SL/TP Long,2,-292.64,-146.32,3.64,-402.82,234.18,17
2022-09-14,12,EOD flat,2,572.36,286.18,3.64,-51.82,588.18,26
2022-09-15,13,SL/TP Long,2,-786.64,-393.32,3.64,-784.82,117.18,5
2022-09-15,14,SL/TP Long,2,-789.64,-394.82,3.64,-787.82,89.18,4
2022-09-16,15,EOD flat,2,340.36,170.18,3.64,-376.82,351.18,27
2022-09-16,16,EOD flat,2,351.36,175.68,3.64,-365.82,362.18,27
2022-09-19,17,EOD flat,2,519.36,259.68,3.64,-267.82,605.18,28
2022-09-19,18,EOD flat,2,509.36,254.68,3.64,-277.82,595.18,27
2022-09-20,19,EOD flat,2,0.36,0.18,3.64,-477.82,300.18,27
2022-09-20,20,EOD flat,2,-40.64,-20.32,3.64,-518.82,259.18,24
2022-09-21,21,SL/TP Long,2,62.36,31.18,3.64,-181.82,335.18,16
2022-09-21,22,SL/TP Long,2,9.36,4.68,3.64,-234.82,282.18,15
2022-09-26,24,EOD flat,2,-722.64,-361.32,3.64,-818.82,169.18,27
2022-09-26,23,EOD flat,2,-707.64,-353.82,3.64,-803.82,184.18,28
2022-09-28,25,EOD flat,2,744.36,372.18,3.64,-265.82,1040.18,27
2022-09-28,26,EOD flat,2,910.36,455.18,3.64,-99.82,1206.18,27
2022-09-30,27,EOD flat,2,-761.64,-380.82,3.64,-886.82,443.18,27
2022-09-30,28,EOD flat,2,-694.64,-347.32,3.64,-819.82,510.18,27
2022-10-03,29,EOD flat,2,689.36,344.68,3.64,-5.82,885.18,27
2022-10-03,30,EOD flat,2,645.36,322.68,3.64,-49.82,841.18,27
2022-10-04,31,EOD flat,2,105.36,52.68,3.64,-374.82,234.18,28
2022-10-04,32,EOD flat,2,-44.64,-22.32,3.64,-524.82,84.18,27
2022-10-05,33,EOD flat,2,352.36,176.18,3.64,-7.82,685.18,16
2022-10-05,34,EOD flat,2,341.36,170.68,3.64,-18.82,674.18,16
2022-10-11,36,EOD flat,2,-368.64,-184.32,3.64,-820.82,269.18,21
2022-10-11,35,EOD flat,2,-264.64,-132.32,3.64,-716.82,373.18,21
2022-10-13,37,SL/TP Long,2,1566.36,783.18,3.64,-75.82,1568.18,6
2022-10-13,38,SL/TP Long,2,1256.36,628.18,3.64,-368.82,1258.18,5
2022-10-17,39,EOD flat,2,77.36,38.68,3.64,-369.82,136.18,27
2022-10-17,40,EOD flat,2,26.36,13.18,3.64,-420.82,85.18,27
2022-10-19,41,EOD flat,2,-255.64,-127.82,3.64,-654.82,282.18,27
2022-10-19,42,EOD flat,2,-494.64,-247.32,3.64,-893.82,43.18,26
2022-10-20,43,SL/TP Long,2,60.36,30.18,3.64,-38.82,504.18,9
2022-10-20,44,EOD flat,2,-816.64,-408.32,3.64,-891.82,260.18,27
2022-10-21,45,EOD flat,2,889.36,444.68,3.64,-420.82,920.18,28
2022-10-21,46,EOD flat,2,721.36,360.68,3.64,-588.82,752.18,27
2022-10-24,48,EOD flat,2,161.36,80.68,3.64,-181.82,387.18,20
2022-10-24,47,EOD flat,2,239.36,119.68,3.64,-103.82,465.18,20
2022-10-25,49,EOD flat,2,-269.64,-134.82,3.64,-459.82,329.18,28
2022-10-25,50,EOD flat,2,-224.64,-112.32,3.64,-414.82,374.18,27
2022-10-26,51,SL/TP Long,2,276.36,138.18,3.64,0.0,759.18,11
2022-10-26,52,SL/TP Long,2,139.36,69.68,3.64,-102.82,622.18,11
2022-10-28,53,EOD flat,2,1044.36,522.18,3.64,0.0,1048.18,26
2022-10-28,54,EOD flat,2,977.36,488.68,3.64,-18.82,981.18,26
2022-11-03,55,EOD flat,2,-485.64,-242.82,3.64,-527.82,158.18,24
2022-11-03,56,EOD flat,2,-559.64,-279.82,3.64,-601.82,84.18,24
2022-11-04,57,EOD flat,2,-361.64,-180.82,3.64,-1206.82,39.18,25
2022-11-07,59,EOD flat,2,70.36,35.18,3.64,-18.82,169.18,10
2022-11-07,58,EOD flat,2,176.36,88.18,3.64,-16.82,275.18,11
2022-11-08,60,SL/TP Long,2,77.36,38.68,3.64,-26.82,551.18,12
2022-11-08,61,SL/TP Long,2,81.36,40.68,3.64,-22.82,555.18,12
2022-11-10,62,EOD flat,2,894.36,447.18,3.64,-375.82,901.18,28
2022-11-10,63,EOD flat,2,1010.36,505.18,3.64,-259.82,1017.18,27
2022-11-11,64,EOD flat,2,716.36,358.18,3.64,-66.82,885.18,27
2022-11-11,65,EOD flat,2,485.36,242.68,3.64,-297.82,654.18,27
2022-11-14,66,SL/TP Long,2,47.36,23.68,3.64,-230.82,449.18,22
2022-11-14,67,SL/TP Long,2,8.36,4.18,3.64,-269.82,410.18,22
2022-11-17,68,SL/TP Long,2,122.36,61.18,3.64,-66.82,641.18,21
2022-11-17,69,EOD flat,2,336.36,168.18,3.64,-254.82,453.18,26
2022-11-22,71,EOD flat,2,348.36,174.18,3.64,-142.82,430.18,24
2022-11-22,70,EOD flat,2,428.36,214.18,3.64,-62.82,510.18,24
2022-11-30,72,SL/TP Long,2,1633.36,816.68,3.64,0.0,1635.18,8
2022-11-30,73,SL/TP Long,2,1227.36,613.68,3.64,-217.82,1229.18,8
2022-12-01,74,EOD flat,2,-315.64,-157.82,3.64,-684.82,119.18,28
2022-12-01,75,EOD flat,2,123.36,61.68,3.64,-245.82,375.18,27
2022-12-02,76,EOD flat,2,250.36,125.18,3.64,-150.82,525.18,27
2022-12-02,77,EOD flat,2,141.36,70.68,3.64,-259.82,416.18,27
2022-12-08,78,EOD flat,2,137.36,68.68,3.64,-96.82,335.18,28
2022-12-08,79,EOD flat,2,-2.64,-1.32,3.64,-236.82,195.18,27
2022-12-09,80,EOD flat,2,-364.64,-182.32,3.64,-370.82,300.18,27
2022-12-09,81,EOD flat,2,-338.64,-169.32,3.64,-344.82,326.18,27
2022-12-14,83,SL/TP Long,2,-941.64,-470.82,3.64,-939.82,140.18,18
2022-12-14,82,SL/TP Long,2,-844.64,-422.32,3.64,-842.82,237.18,19
2022-12-20,84,EOD flat,2,91.36,45.68,3.64,-268.82,313.18,28
2022-12-20,85,EOD flat,2,52.36,26.18,3.64,-307.82,274.18,27
2022-12-21,86,EOD flat,2,461.36,230.68,3.64,0.0,601.18,27
2022-12-21,87,EOD flat,2,267.36,133.68,3.64,-40.82,407.18,27
2022-12-23,88,EOD flat,2,56.36,28.18,3.64,-304.82,207.18,26
2022-12-23,89,EOD flat,2,-26.64,-13.32,3.64,-387.82,64.18,25
2022-12-29,90,EOD flat,2,238.36,119.18,3.64,0.0,409.18,27
2022-12-29,91,EOD flat,2,164.36,82.18,3.64,-2.82,335.18,27
2022-12-30,92,EOD flat,2,366.36,183.18,3.64,-294.82,413.18,24
2022-12-30,93,EOD flat,2,433.36,216.68,3.64,-227.82,480.18,24
2023-01-04,94,EOD flat,2,-257.64,-128.82,3.64,-586.82,82.18,21
2023-01-04,95,EOD flat,2,-311.64,-155.82,3.64,-640.82,28.18,21
2023-01-05,96,EOD flat,2,-363.64,-181.82,3.64,-488.82,1.18,27
2023-01-06,97,EOD flat,2,645.36,322.68,3.64,-31.82,881.18,25
2023-01-06,98,EOD flat,2,660.36,330.18,3.64,-16.82,896.18,25
2023-01-09,99,EOD flat,2,-508.64,-254.32,3.64,-600.82,297.18,28
2023-01-09,100,EOD flat,2,-429.64,-214.82,3.64,-521.82,376.18,27
2023-01-10,101,EOD flat,2,132.36,66.18,3.64,-504.82,169.18,27
2023-01-10,102,EOD flat,2,94.36,47.18,3.64,-542.82,131.18,27
2023-01-11,103,EOD flat,2,462.36,231.18,3.64,-182.82,482.18,27
2023-01-11,104,EOD flat,2,476.36,238.18,3.64,-168.82,496.18,27
2023-01-12,105,EOD flat,2,8.36,4.18,3.64,-268.82,224.18,18
2023-01-12,106,EOD flat,2,-75.64,-37.82,3.64,-352.82,140.18,18
2023-01-13,108,EOD flat,2,403.36,201.68,3.64,-183.82,478.18,27
2023-01-13,107,EOD flat,2,533.36,266.68,3.64,-53.82,608.18,27
2023-01-17,109,EOD flat,2,5.36,2.68,3.64,-264.82,255.18,27
2023-01-17,110,EOD flat,2,-172.64,-86.32,3.64,-442.82,75.18,27
2023-01-18,111,SL/TP Long,2,-553.64,-276.82,3.64,-551.82,127.18,3
2023-01-18,112,SL/TP Long,2,-544.64,-272.32,3.64,-542.82,41.18,3
2023-01-19,113,EOD flat,2,-219.64,-109.82,3.64,-383.82,28.18,9
2023-01-19,114,EOD flat,2,-136.64,-68.32,3.64,-300.82,60.18,8
2023-01-20,115,EOD flat,2,906.36,453.18,3.64,-97.82,948.18,28
2023-01-20,116,EOD flat,2,810.36,405.18,3.64,-88.82,852.18,27
2023-01-23,118,SL/TP Long,2,183.36,91.68,3.64,-18.82,668.18,19
2023-01-23,117,SL/TP Long,2,240.36,120.18,3.64,-39.82,725.18,20
2023-01-24,120,EOD flat,2,289.36,144.68,3.64,-169.82,441.18,26
2023-01-24,119,EOD flat,2,276.36,138.18,3.64,-259.82,428.18,27
2023-01-25,121,EOD flat,2,598.36,299.18,3.64,-19.82,773.18,22
2023-01-25,122,EOD flat,2,596.36,298.18,3.64,-21.82,771.18,22
2023-01-26,123,EOD flat,2,-66.64,-33.32,3.64,-80.82,150.18,6
2023-01-26,124,EOD flat,2,-80.64,-40.32,3.64,-94.82,136.18,6
2023-01-27,125,EOD flat,2,347.36,173.68,3.64,-158.82,703.18,28
2023-01-27,126,EOD flat,2,187.36,93.68,3.64,-318.82,543.18,27
2023-01-30,127,SL/TP Long,2,-555.64,-277.82,3.64,-553.82,92.18,22
2023-01-30,128,SL/TP Long,2,-511.64,-255.82,3.64,-509.82,12.18,21
2023-01-31,129,EOD flat,2,322.36,161.18,3.64,0.0,469.18,26
2023-01-31,130,EOD flat,2,238.36,119.18,3.64,-69.82,385.18,26
2023-02-01,132,SL/TP Long,2,941.36,470.68,3.64,-323.82,1271.18,6
2023-02-01,131,SL/TP Long,2,858.36,429.18,3.64,-406.82,1188.18,21
2023-02-02,133,SL/TP Long,2,248.36,124.18,3.64,-15.82,790.18,17
2023-02-02,134,SL/TP Long,2,19.36,9.68,3.64,-472.82,561.18,22
2023-02-03,135,EOD flat,2,-435.64,-217.82,3.64,-584.82,611.18,28
2023-02-03,136,EOD flat,2,-560.64,-280.32,3.64,-709.82,486.18,27
2023-02-06,137,EOD flat,2,-216.64,-108.32,3.64,-437.82,171.18,27
2023-02-06,138,EOD flat,2,-157.64,-78.82,3.64,-378.82,230.18,27
2023-02-07,139,SL/TP Long,2,630.36,315.18,3.64,-21.82,947.18,8
2023-02-07,140,SL/TP Long,2,570.36,285.18,3.64,-81.82,887.18,8
2023-02-10,141,EOD flat,2,-234.64,-117.32,3.64,-606.82,108.18,27
2023-02-10,142,EOD flat,2,-200.64,-100.32,3.64,-572.82,91.18,26
2023-02-13,144,EOD flat,2,443.36,221.68,3.64,-48.82,537.18,27
2023-02-13,143,EOD flat,2,330.36,165.18,3.64,-182.82,424.18,28
2023-02-14,145,EOD flat,2,124.36,62.18,3.64,-675.82,347.18,28
2023-02-14,146,EOD flat,2,-132.64,-66.32,3.64,-932.82,59.18,27
2023-02-15,147,EOD flat,2,524.36,262.18,3.64,-118.82,555.18,23
2023-02-15,148,EOD flat,2,464.36,232.18,3.64,-108.82,495.18,22
2023-02-16,149,SL/TP Long,2,73.36,36.68,3.64,-25.82,504.18,21
2023-02-16,150,SL/TP Long,2,40.36,20.18,3.64,-58.82,471.18,21
2023-02-22,151,EOD flat,2,1.36,0.68,3.64,-461.82,108.18,14
2023-02-22,152,EOD flat,2,-6.64,-3.32,3.64,-469.82,100.18,13
2023-02-28,153,EOD flat,2,-238.64,-119.32,3.64,-295.82,296.18,27
2023-02-28,154,EOD flat,2,-214.64,-107.32,3.64,-271.82,320.18,27
2023-03-01,155,EOD flat,2,-337.64,-168.82,3.64,-572.82,7.18,27
2023-03-02,157,EOD flat,2,567.36,283.68,3.64,-147.82,748.18,27
2023-03-02,156,EOD flat,2,612.36,306.18,3.64,-102.82,793.18,28
2023-03-03,158,EOD flat,2,541.36,270.68,3.64,-238.82,557.18,28
2023-03-03,159,EOD flat,2,521.36,260.68,3.64,-99.82,537.18,27
2023-03-06,160,SL/TP Long,2,80.36,40.18,3.64,0.0,352.18,10
2023-03-06,161,SL/TP Long,2,32.36,16.18,3.64,-22.82,304.18,10
2023-03-08,162,EOD flat,2,81.36,40.68,3.64,-299.82,151.18,25
2023-03-08,163,EOD flat,2,142.36,71.18,3.64,-238.82,212.18,25
2023-03-09,164,SL/TP Long,2,-757.64,-378.82,3.64,-755.82,105.18,15
2023-03-09,165,SL/TP Long,2,-734.64,-367.32,3.64,-732.82,102.18,14
2023-03-10,167,EOD flat,2,-645.64,-322.82,3.64,-997.82,134.18,22
2023-03-10,166,EOD flat,2,-605.64,-302.82,3.64,-957.82,174.18,22
2023-03-13,169,EOD flat,2,224.36,112.18,3.64,-189.82,786.18,27
2023-03-13,168,EOD flat,2,233.36,116.68,3.64,-180.82,795.18,28
2023-03-14,170,EOD flat,2,209.36,104.68,3.64,-456.82,294.18,27
2023-03-14,171,EOD flat,2,113.36,56.68,3.64,-552.82,198.18,26
2023-03-15,172,EOD flat,2,484.36,242.18,3.64,-372.82,527.18,21
2023-03-15,173,EOD flat,2,540.36,270.18,3.64,-316.82,583.18,20
2023-03-16,174,EOD flat,2,1172.36,586.18,3.64,-218.82,1265.18,28
2023-03-16,175,EOD flat,2,1244.36,622.18,3.64,-146.82,1337.18,27
2023-03-17,176,SL/TP Long,2,-733.64,-366.82,3.64,-731.82,182.18,5
2023-03-17,177,SL/TP Long,2,-698.64,-349.32,3.64,-696.82,53.18,5
2023-03-20,179,EOD flat,2,184.36,92.18,3.64,-354.82,215.18,23
2023-03-20,178,EOD flat,2,176.36,88.18,3.64,-362.82,207.18,23
2023-03-21,180,EOD flat,2,238.36,119.18,3.64,-414.82,328.18,27
2023-03-21,181,EOD flat,2,382.36,191.18,3.64,-270.82,472.18,27
2023-03-22,182,SL/TP Long,2,38.36,19.18,3.64,-77.82,218.18,5
2023-03-22,183,SL/TP Long,2,91.36,45.68,3.64,-19.82,271.18,4
2023-03-23,184,SL/TP Long,2,142.36,71.18,3.64,0.0,553.18,12
2023-03-23,185,SL/TP Long,2,13.36,6.68,3.64,-49.82,424.18,12
2023-03-24,186,EOD flat,2,312.36,156.18,3.64,-369.82,319.18,19
2023-03-24,187,EOD flat,2,256.36,128.18,3.64,-110.82,263.18,9
2023-03-27,188,SL/TP Long,2,-595.64,-297.82,3.64,-593.82,28.18,7
2023-03-27,189,SL/TP Long,2,-502.64,-251.32,3.64,-500.82,58.18,7
2023-03-29,191,EOD flat,2,220.36,110.18,3.64,-203.82,352.18,27
2023-03-29,190,EOD flat,2,159.36,79.68,3.64,-264.82,291.18,27
2023-03-30,192,SL/TP Long,2,-122.64,-61.32,3.64,-208.82,126.18,11
2023-03-30,193,EOD flat,2,184.36,92.18,3.64,-124.82,278.18,27
2023-03-31,194,EOD flat,2,656.36,328.18,3.64,-53.82,671.18,28
2023-03-31,195,EOD flat,2,669.36,334.68,3.64,-2.82,684.18,27
2023-04-03,196,EOD flat,2,49.36,24.68,3.64,-377.82,120.18,27
2023-04-03,197,EOD flat,2,100.36,50.18,3.64,-326.82,171.18,27
2023-04-04,198,EOD flat,2,-263.64,-131.82,3.64,-512.82,119.18,27
2023-04-04,199,EOD flat,2,-342.64,-171.32,3.64,-591.82,15.18,27
2023-04-06,200,EOD flat,2,581.36,290.68,3.64,-39.82,695.18,27
2023-04-06,201,EOD flat,2,467.36,233.68,3.64,-153.82,581.18,27
2023-04-10,202,EOD flat,2,419.36,209.68,3.64,-185.82,452.18,23
2023-04-10,203,EOD flat,2,395.36,197.68,3.64,-209.82,428.18,23
2023-04-13,205,EOD flat,2,243.36,121.68,3.64,-69.82,437.18,27
2023-04-13,204,EOD flat,2,395.36,197.68,3.64,0.0,589.18,27
2023-04-14,206,EOD flat,2,-158.64,-79.32,3.64,-728.82,67.18,28
2023-04-14,207,EOD flat,2,33.36,16.68,3.64,-536.82,89.18,27
2023-04-19,208,EOD flat,2,135.36,67.68,3.64,-36.82,375.18,25
2023-04-19,209,EOD flat,2,81.36,40.68,3.64,-90.82,321.18,25
2023-04-20,210,EOD flat,2,-107.64,-53.82,3.64,-377.82,333.18,28
2023-04-20,211,EOD flat,2,-223.64,-111.82,3.64,-493.82,217.18,27
2023-04-21,212,SL/TP Long,2,-51.64,-25.82,3.64,-292.82,179.18,19
2023-04-21,213,EOD flat,2,42.36,21.18,3.64,-240.82,231.18,26
2023-04-26,215,EOD flat,2,69.36,34.68,3.64,-317.82,280.18,27
2023-04-26,214,EOD flat,2,-7.64,-3.82,3.64,-394.82,203.18,28
2023-04-27,217,SL/TP Long,2,925.36,462.68,3.64,-34.82,927.18,24
2023-04-27,216,SL/TP Long,2,1022.36,511.18,3.64,0.0,1024.18,24
2023-04-28,218,EOD flat,2,326.36,163.18,3.64,-243.82,368.18,27
2023-04-28,219,EOD flat,2,238.36,119.18,3.64,-331.82,280.18,27
2023-05-01,220,SL/TP Long,2,-0.64,-0.32,3.64,-232.82,184.18,17
2023-05-01,221,EOD flat,2,-142.64,-71.32,3.64,-259.82,157.18,24
2023-05-03,222,SL/TP Long,2,98.36,49.18,3.64,-223.82,308.18,19
2023-05-03,223,SL/TP Long,2,204.36,102.18,3.64,-117.82,414.18,18
2023-05-04,224,EOD flat,2,-198.64,-99.32,3.64,-273.82,147.18,23
2023-05-04,225,EOD flat,2,-190.64,-95.32,3.64,-265.82,155.18,23
2023-05-05,226,EOD flat,2,474.36,237.18,3.64,-2.82,670.18,28
2023-05-05,227,EOD flat,2,308.36,154.18,3.64,-43.82,504.18,27
2023-05-08,229,EOD flat,2,54.36,27.18,3.64,-130.82,185.18,20
2023-05-08,228,EOD flat,2,97.36,48.68,3.64,-87.82,228.18,20
2023-05-09,230,EOD flat,2,-199.64,-99.82,3.64,-243.82,29.18,28
2023-05-09,231,EOD flat,2,-88.64,-44.32,3.64,-132.82,84.18,27
2023-05-10,232,EOD flat,2,-42.64,-21.32,3.64,-622.82,118.18,27
2023-05-10,233,EOD flat,2,-52.64,-26.32,3.64,-632.82,108.18,27
2023-05-11,234,EOD flat,2,41.36,20.68,3.64,-162.82,151.18,22
2023-05-11,235,EOD flat,2,22.36,11.18,3.64,-181.82,132.18,21
2023-05-15,236,EOD flat,2,126.36,63.18,3.64,-55.82,188.18,22
2023-05-15,237,EOD flat,2,134.36,67.18,3.64,-47.82,196.18,22
2023-05-16,238,EOD flat,2,-7.64,-3.82,3.64,-108.82,201.18,26
2023-05-16,239,EOD flat,2,16.36,8.18,3.64,-84.82,225.18,25
2023-05-17,241,SL/TP Long,2,344.36,172.18,3.64,-29.82,527.18,15
2023-05-17,240,SL/TP Long,2,331.36,165.68,3.64,-141.82,514.18,16
2023-05-18,242,SL/TP Long,2,167.36,83.68,3.64,-51.82,568.18,17
2023-05-18,243,SL/TP Long,2,96.36,48.18,3.64,-23.82,497.18,16
2023-05-22,244,EOD flat,2,-56.64,-28.32,3.64,-269.82,53.18,28
2023-05-22,245,EOD flat,2,40.36,20.18,3.64,-139.82,150.18,27
2023-05-23,246,SL/TP Long,2,-458.64,-229.32,3.64,-456.82,49.18,17
2023-05-23,247,SL/TP Long,2,-427.64,-213.82,3.64,-425.82,52.18,17
2023-05-24,248,EOD flat,2,662.36,331.18,3.64,-142.82,678.18,6
2023-05-24,249,EOD flat,2,638.36,319.18,3.64,-166.82,654.18,6
2023-05-25,250,EOD flat,2,45.36,22.68,3.64,-195.82,245.18,23
2023-05-25,251,EOD flat,2,18.36,9.18,3.64,-222.82,218.18,23
2023-05-26,253,EOD flat,2,878.36,439.18,3.64,-2.82,886.18,27
2023-05-26,252,EOD flat,2,1018.36,509.18,3.64,-12.82,1026.18,28
2023-06-01,254,EOD flat,2,700.36,350.18,3.64,-195.82,826.18,27
2023-06-01,255,EOD flat,2,676.36,338.18,3.64,-219.82,802.18,27
2023-06-05,256,EOD flat,2,-280.64,-140.32,3.64,-434.82,171.18,24
2023-06-05,257,EOD flat,2,-332.64,-166.32,3.64,-486.82,119.18,24
2023-06-06,258,EOD flat,2,34.36,17.18,3.64,-231.82,153.18,24
2023-06-06,259,EOD flat,2,6.36,3.18,3.64,-259.82,125.18,24
2023-06-08,260,EOD flat,2,487.36,243.68,3.64,-25.82,517.18,27
2023-06-08,261,EOD flat,2,451.36,225.68,3.64,-61.82,481.18,27
2023-06-09,262,EOD flat,2,-366.64,-183.32,3.64,-632.82,135.18,28
2023-06-09,263,EOD flat,2,-433.64,-216.82,3.64,-699.82,68.18,27
2023-06-14,264,SL/TP Long,2,76.36,38.18,3.64,-55.82,379.18,13
2023-06-14,265,SL/TP Long,2,-665.64,-332.82,3.64,-663.82,288.18,16
2023-06-15,266,EOD flat,2,661.36,330.68,3.64,-69.82,956.18,28
2023-06-15,267,EOD flat,2,506.36,253.18,3.64,-101.82,801.18,27
2023-06-22,268,EOD flat,2,595.36,297.68,3.64,-111.82,616.18,28
2023-06-22,269,EOD flat,2,397.36,198.68,3.64,-309.82,418.18,27
2023-06-23,270,EOD flat,2,-134.64,-67.32,3.64,-230.82,268.18,18
2023-06-23,271,EOD flat,2,-228.64,-114.32,3.64,-324.82,174.18,18
2023-06-26,272,SL/TP Long,2,-854.64,-427.32,3.64,-852.82,59.18,9
2023-06-26,273,SL/TP Long,2,-869.64,-434.82,3.64,-867.82,44.18,8
2023-06-27,274,EOD flat,2,464.36,232.18,3.64,-332.82,673.18,27
2023-06-27,275,EOD flat,2,709.36,354.68,3.64,-81.82,918.18,27
2023-06-28,276,SL/TP Long,2,9.36,4.68,3.64,0.0,467.18,9
2023-06-28,277,EOD flat,2,52.36,26.18,3.64,-332.82,306.18,26
2023-06-30,278,EOD flat,2,-9.64,-4.82,3.64,-146.82,229.18,28
2023-06-30,279,EOD flat,2,-79.64,-39.82,3.64,-216.82,159.18,27
2023-07-03,280,EOD flat,2,-125.64,-62.82,3.64,-271.82,48.18,13
2023-07-03,281,EOD flat,2,-71.64,-35.82,3.64,-217.82,51.18,13
2023-07-05,282,EOD flat,2,-115.64,-57.82,3.64,-233.82,196.18,27
2023-07-05,283,EOD flat,2,-123.64,-61.82,3.64,-241.82,188.18,27
2023-07-06,284,EOD flat,2,28.36,14.18,3.64,-92.82,150.18,17
2023-07-06,285,EOD flat,2,0.36,0.18,3.64,-120.82,122.18,15
2023-07-07,286,EOD flat,2,-329.64,-164.82,3.64,-405.82,345.18,28
2023-07-07,287,EOD flat,2,-359.64,-179.82,3.64,-435.82,315.18,20
2023-07-10,288,EOD flat,2,-90.64,-45.32,3.64,-94.82,18.18,3
2023-07-11,290,EOD flat,2,134.36,67.18,3.64,-286.82,206.18,19
2023-07-11,289,EOD flat,2,109.36,54.68,3.64,-311.82,181.18,20
2023-07-12,291,SL/TP Long,2,-468.64,-234.32,3.64,-466.82,176.18,8
2023-07-12,292,SL/TP Long,2,-565.64,-282.82,3.64,-563.82,79.18,7
2023-07-13,293,EOD flat,2,333.36,166.68,3.64,-131.82,501.18,23
2023-07-13,294,EOD flat,2,320.36,160.18,3.64,-28.82,488.18,21
2023-07-14,295,EOD flat,2,-473.64,-236.82,3.64,-608.82,189.18,28
2023-07-14,296,EOD flat,2,-565.64,-282.82,3.64,-700.82,97.18,27
2023-07-17,297,EOD flat,2,174.36,87.18,3.64,-130.82,418.18,22
2023-07-17,298,EOD flat,2,111.36,55.68,3.64,-150.82,355.18,21
2023-07-18,299,EOD flat,2,513.36,256.68,3.64,0.0,845.18,21
2023-07-18,300,EOD flat,2,459.36,229.68,3.64,-3.82,791.18,21
2023-07-19,302,EOD flat,2,-372.64,-186.32,3.64,-486.82,119.18,22
2023-07-19,301,EOD flat,2,-397.64,-198.82,3.64,-511.82,94.18,25
2023-07-25,303,SL/TP Long,2,-35.64,-17.82,3.64,-239.82,293.18,25
2023-07-25,304,EOD flat,2,280.36,140.18,3.64,-207.82,325.18,27
2023-07-26,305,EOD flat,2,-60.64,-30.32,3.64,-481.82,281.18,9
2023-07-26,306,EOD flat,2,-165.64,-82.82,3.64,-586.82,176.18,9
2023-07-28,307,EOD flat,2,194.36,97.18,3.64,-84.82,398.18,27
2023-07-28,308,EOD flat,2,147.36,73.68,3.64,-131.82,351.18,27
2023-08-01,309,EOD flat,2,3.36,1.68,3.64,-314.82,170.18,27
2023-08-01,310,EOD flat,2,205.36,102.68,3.64,-112.82,372.18,27
2023-08-03,311,SL/TP Long,2,-36.64,-18.32,3.64,-335.82,346.18,21
2023-08-03,312,SL/TP Long,2,147.36,73.68,3.64,-265.82,530.18,26
2023-08-04,314,SL/TP Long,2,-996.64,-498.32,3.64,-994.82,6.18,9
2023-08-04,313,SL/TP Long,2,-900.64,-450.32,3.64,-898.82,102.18,10
2023-08-07,315,EOD flat,2,62.36,31.18,3.64,0.0,85.18,4
2023-08-07,316,EOD flat,2,10.36,5.18,3.64,-35.82,33.18,4
2023-08-10,317,SL/TP Long,2,-1099.64,-549.82,3.64,-1097.82,75.18,16
2023-08-10,318,SL/TP Long,2,-1058.64,-529.32,3.64,-1056.82,96.18,15
2023-08-11,319,EOD flat,2,-58.64,-29.32,3.64,-320.82,227.18,27
2023-08-11,320,EOD flat,2,-119.64,-59.82,3.64,-381.82,166.18,27
2023-08-14,321,EOD flat,2,647.36,323.68,3.64,-64.82,660.18,28
2023-08-14,322,EOD flat,2,462.36,231.18,3.64,-101.82,475.18,27
2023-08-16,323,SL/TP Long,2,-588.64,-294.32,3.64,-586.82,139.18,20
2023-08-16,324,SL/TP Long,2,-611.64,-305.82,3.64,-609.82,116.18,20
2023-08-18,326,EOD flat,2,196.36,98.18,3.64,-183.82,434.18,25
2023-08-18,325,EOD flat,2,274.36,137.18,3.64,-105.82,512.18,25
2023-08-21,327,EOD flat,2,229.36,114.68,3.64,-503.82,398.18,28
2023-08-21,328,EOD flat,2,306.36,153.18,3.64,-426.82,475.18,27
2023-08-23,329,SL/TP Long,2,810.36,405.18,3.64,-48.82,812.18,26
2023-08-23,330,SL/TP Long,2,690.36,345.18,3.64,-74.82,692.18,25
2023-08-25,331,SL/TP Long,2,-725.64,-362.82,3.64,-723.82,401.18,4
2023-08-25,332,SL/TP Long,2,-928.64,-464.32,3.64,-926.82,198.18,3
2023-08-29,333,EOD flat,2,1070.36,535.18,3.64,-12.82,1089.18,28
2023-08-29,334,EOD flat,2,722.36,361.18,3.64,-13.82,741.18,27
2023-08-30,335,EOD flat,2,185.36,92.68,3.64,-364.82,236.18,28
2023-08-30,336,EOD flat,2,23.36,11.68,3.64,-526.82,74.18,27
2023-08-31,338,EOD flat,2,-188.64,-94.32,3.64,-356.82,95.18,27
2023-08-31,337,EOD flat,2,-126.64,-63.32,3.64,-294.82,157.18,28
2023-09-05,339,EOD flat,2,38.36,19.18,3.64,-120.82,319.18,26
2023-09-05,340,EOD flat,2,107.36,53.68,3.64,-51.82,388.18,26
2023-09-07,341,EOD flat,2,172.36,86.18,3.64,-176.82,277.18,25
2023-09-07,342,EOD flat,2,53.36,26.68,3.64,-295.82,158.18,25
2023-09-08,343,EOD flat,2,-182.64,-91.32,3.64,-416.82,123.18,27
2023-09-08,344,EOD flat,2,-197.64,-98.82,3.64,-431.82,108.18,27
2023-09-12,345,SL/TP Long,2,-637.64,-318.82,3.64,-635.82,13.18,22
2023-09-13,346,EOD flat,2,38.36,19.18,3.64,-216.82,230.18,25
2023-09-13,347,EOD flat,2,66.36,33.18,3.64,-188.82,258.18,25
2023-09-14,349,EOD flat,2,87.36,43.68,3.64,-111.82,239.18,24
2023-09-14,348,EOD flat,2,113.36,56.68,3.64,-85.82,265.18,24
2023-09-18,350,EOD flat,2,-47.64,-23.82,3.64,-285.82,100.18,27
2023-09-18,351,EOD flat,2,-68.64,-34.32,3.64,-246.82,79.18,21
2023-09-19,352,EOD flat,2,34.36,17.18,3.64,-144.82,136.18,12
2023-09-19,353,EOD flat,2,33.36,16.68,3.64,-145.82,135.18,12
2023-09-22,354,EOD flat,2,-332.64,-166.32,3.64,-426.82,271.18,27
2023-09-22,355,EOD flat,2,-473.64,-236.82,3.64,-567.82,130.18,25
2023-09-25,356,EOD flat,2,294.36,147.18,3.64,-251.82,317.18,28
2023-09-25,357,EOD flat,2,349.36,174.68,3.64,-196.82,372.18,27
2023-09-27,359,EOD flat,2,-81.64,-40.82,3.64,-341.82,22.18,7
2023-09-27,358,EOD flat,2,-108.64,-54.32,3.64,-368.82,109.18,7
2023-09-28,361,SL/TP Long,2,438.36,219.18,3.64,-300.82,774.18,12
2023-09-28,360,SL/TP Long,2,479.36,239.68,3.64,-259.82,815.18,13
2023-09-29,362,SL/TP Long,2,-474.64,-237.32,3.64,-472.82,94.18,7
2023-09-29,363,SL/TP Long,2,-440.64,-220.32,3.64,-438.82,18.18,6
2023-10-02,364,EOD flat,2,122.36,61.18,3.64,-388.82,338.18,27
2023-10-02,365,EOD flat,2,253.36,126.68,3.64,-257.82,469.18,27
2023-10-03,366,SL/TP Long,2,-818.64,-409.32,3.64,-816.82,24.18,4
2023-10-04,367,EOD flat,2,267.36,133.68,3.64,-307.82,482.18,25
2023-10-04,368,EOD flat,2,283.36,141.68,3.64,-291.82,498.18,25
2023-10-06,369,EOD flat,2,1357.36,678.68,3.64,0.0,1436.18,26
2023-10-06,370,EOD flat,2,1196.36,598.18,3.64,-2.82,1275.18,26
2023-10-09,372,EOD flat,2,649.36,324.68,3.64,-268.82,722.18,27
2023-10-09,371,EOD flat,2,558.36,279.18,3.64,-359.82,631.18,28
2023-10-10,373,SL/TP Long,2,291.36,145.68,3.64,-14.82,569.18,13
2023-10-10,374,SL/TP Long,2,196.36,98.18,3.64,-32.82,474.18,12
2023-10-11,375,EOD flat,2,87.36,43.68,3.64,0.0,117.18,3
2023-10-11,376,EOD flat,2,-2.64,-1.32,3.64,-28.82,27.18,3
2023-10-12,377,SL/TP Long,2,-510.64,-255.32,3.64,-508.82,209.18,14
2023-10-12,378,SL/TP Long,2,-638.64,-319.32,3.64,-636.82,81.18,14
2023-10-16,379,EOD flat,2,170.36,85.18,3.64,-195.82,309.18,27
2023-10-16,380,EOD flat,2,189.36,94.68,3.64,-176.82,328.18,27
2023-10-17,381,SL/TP Long,2,217.36,108.68,3.64,-29.82,583.18,15
2023-10-17,382,SL/TP Long,2,135.36,67.68,3.64,-21.82,501.18,14
2023-10-18,384,SL/TP Long,2,-585.64,-292.82,3.64,-583.82,77.18,21
2023-10-18,383,SL/TP Long,2,-750.64,-375.32,3.64,-748.82,97.18,21
2023-10-19,386,SL/TP Long,2,-624.64,-312.32,3.64,-622.82,376.18,11
2023-10-19,385,SL/TP Long,2,-888.64,-444.32,3.64,-886.82,112.18,11
2023-10-23,387,EOD flat,2,445.36,222.68,3.64,-105.82,869.18,28
2023-10-23,388,EOD flat,2,361.36,180.68,3.64,-96.82,785.18,27
2023-10-24,389,SL/TP Long,2,-3.64,-1.82,3.64,-528.82,448.18,25
2023-10-24,390,EOD flat,2,-81.64,-40.82,3.64,-571.82,405.18,26
2023-10-27,391,SL/TP Long,2,-503.64,-251.82,3.64,-501.82,229.18,16
2023-10-27,392,SL/TP Long,2,-489.64,-244.82,3.64,-487.82,243.18,16
2023-10-30,393,EOD flat,2,-159.64,-79.82,3.64,-579.82,83.18,28
2023-10-30,394,EOD flat,2,-147.64,-73.82,3.64,-189.82,27.18,6
2023-10-31,395,EOD flat,2,87.36,43.68,3.64,-253.82,295.18,24
2023-10-31,396,EOD flat,2,92.36,46.18,3.64,-61.82,300.18,17
2023-11-01,398,SL/TP Long,2,69.36,34.68,3.64,-9.82,461.18,19
2023-11-01,397,SL/TP Long,2,22.36,11.18,3.64,-169.82,414.18,19
2023-11-02,399,EOD flat,2,64.36,32.18,3.64,-122.82,250.18,24
2023-11-02,400,EOD flat,2,38.36,19.18,3.64,-148.82,224.18,24
2023-11-03,401,EOD flat,2,233.36,116.68,3.64,-294.82,412.18,28
2023-11-03,402,EOD flat,2,357.36,178.68,3.64,-170.82,536.18,27
2023-11-07,403,EOD flat,2,305.36,152.68,3.64,-102.82,456.18,28
2023-11-07,404,EOD flat,2,317.36,158.68,3.64,-47.82,468.18,27
2023-11-09,405,SL/TP Long,2,-555.64,-277.82,3.64,-553.82,118.18,17
2023-11-09,406,SL/TP Long,2,-391.64,-195.82,3.64,-389.82,282.18,16
2023-11-10,407,EOD flat,2,796.36,398.18,3.64,0.0,939.18,23
2023-11-10,408,EOD flat,2,547.36,273.68,3.64,-123.82,690.18,23
2023-11-13,410,EOD flat,2,80.36,40.18,3.64,-20.82,213.18,24
2023-11-13,409,EOD flat,2,66.36,33.18,3.64,-34.82,199.18,24
2023-11-14,411,EOD flat,2,119.36,59.68,3.64,-162.82,224.18,28
2023-11-14,412,EOD flat,2,110.36,55.18,3.64,-171.82,215.18,27
2023-11-15,413,SL/TP Long,2,-405.64,-202.82,3.64,-403.82,10.18,9
2023-11-16,414,EOD flat,2,32.36,16.18,3.64,-366.82,71.18,28
2023-11-16,415,EOD flat,2,72.36,36.18,3.64,-326.82,111.18,27
2023-11-17,416,EOD flat,2,-71.64,-35.82,3.64,-110.82,195.18,19
2023-11-17,417,EOD flat,2,-71.64,-35.82,3.64,-110.82,195.18,19
2023-11-20,418,EOD flat,2,369.36,184.68,3.64,-237.82,479.18,28
2023-11-20,419,EOD flat,2,334.36,167.18,3.64,-18.82,444.18,23
2023-11-27,420,EOD flat,2,-140.64,-70.32,3.64,-160.82,204.18,27
2023-11-27,421,EOD flat,2,-109.64,-54.82,3.64,-129.82,235.18,27
2023-11-28,423,EOD flat,2,30.36,15.18,3.64,-298.82,112.18,25
2023-11-28,422,EOD flat,2,172.36,86.18,3.64,-156.82,254.18,25
2023-12-01,424,EOD flat,2,371.36,185.68,3.64,-291.82,450.18,27
2023-12-01,425,EOD flat,2,457.36,228.68,3.64,-205.82,536.18,27
2023-12-04,426,EOD flat,2,-95.64,-47.82,3.64,-111.82,18.18,4
2023-12-04,427,EOD flat,2,-60.64,-30.32,3.64,-76.82,8.18,4
2023-12-05,428,EOD flat,2,180.36,90.18,3.64,-108.82,428.18,28
2023-12-05,429,EOD flat,2,-5.64,-2.82,3.64,-294.82,242.18,27
2023-12-07,430,EOD flat,2,130.36,65.18,3.64,-207.82,332.18,26
2023-12-07,431,EOD flat,2,90.36,45.18,3.64,-247.82,292.18,26
2023-12-08,433,EOD flat,2,34.36,17.18,3.64,-373.82,143.18,27
2023-12-08,432,EOD flat,2,268.36,134.18,3.64,-139.82,377.18,27
2023-12-11,435,EOD flat,2,304.36,152.18,3.64,-186.82,326.18,27
2023-12-11,434,EOD flat,2,334.36,167.18,3.64,-156.82,356.18,28
2023-12-12,436,EOD flat,2,511.36,255.68,3.64,-52.82,530.18,28
2023-12-12,437,EOD flat,2,521.36,260.68,3.64,-25.82,540.18,27
2023-12-13,438,SL/TP Long,2,253.36,126.68,3.64,0.0,592.18,5
2023-12-13,439,SL/TP Long,2,173.36,86.68,3.64,-27.82,512.18,5
2023-12-15,440,EOD flat,2,-118.64,-59.32,3.64,-328.82,169.18,27
2023-12-15,441,EOD flat,2,-193.64,-96.82,3.64,-403.82,94.18,26
2023-12-18,442,EOD flat,2,160.36,80.18,3.64,-93.82,380.18,28
2023-12-18,443,EOD flat,2,141.36,70.68,3.64,-112.82,361.18,27
2023-12-19,444,EOD flat,2,117.36,58.68,3.64,-123.82,134.18,26
2023-12-19,445,EOD flat,2,198.36,99.18,3.64,-42.82,215.18,25
2023-12-20,447,SL/TP Long,2,-552.64,-276.32,3.64,-550.82,160.18,19
2023-12-20,446,SL/TP Long,2,-503.64,-251.82,3.64,-501.82,209.18,19
2023-12-21,448,EOD flat,2,-39.64,-19.82,3.64,-73.82,26.18,4
2023-12-22,449,SL/TP Long,2,-463.64,-231.82,3.64,-461.82,8.18,17
2023-12-26,450,EOD flat,2,146.36,73.18,3.64,-119.82,235.18,26
2024-01-03,451,EOD flat,2,-404.64,-202.32,3.64,-481.82,44.18,27
2024-01-03,452,EOD flat,2,-115.64,-57.82,3.64,-192.82,232.18,27
2024-01-04,453,EOD flat,2,-203.64,-101.82,3.64,-259.82,333.18,27
2024-01-04,454,EOD flat,2,-293.64,-146.82,3.64,-349.82,243.18,27
2024-01-05,455,EOD flat,2,-118.64,-59.32,3.64,-365.82,328.18,27
2024-01-05,456,EOD flat,2,-305.64,-152.82,3.64,-552.82,141.18,27
2024-01-08,458,EOD flat,2,645.36,322.68,3.64,-11.82,742.18,27
2024-01-08,457,EOD flat,2,632.36,316.18,3.64,-66.82,729.18,28
2024-01-09,459,SL/TP Long,2,287.36,143.68,3.64,-13.82,613.18,23
2024-01-09,460,SL/TP Long,2,216.36,108.18,3.64,-84.82,542.18,23
2024-01-10,461,SL/TP Long,2,140.36,70.18,3.64,-80.82,434.18,21
2024-01-10,462,SL/TP Long,2,95.36,47.68,3.64,-125.82,389.18,21
2024-01-16,463,EOD flat,2,124.36,62.18,3.64,-338.82,349.18,26
2024-01-17,464,EOD flat,2,56.36,28.18,3.64,0.0,162.18,4
2024-01-17,465,EOD flat,2,-42.64,-21.32,3.64,-59.82,1.18,4
2024-01-18,466,EOD flat,2,243.36,121.68,3.64,-451.82,282.18,25
2024-01-19,467,EOD flat,2,957.36,478.68,3.64,-217.82,995.18,27
2024-01-23,468,EOD flat,2,226.36,113.18,3.64,-134.82,258.18,16
2024-01-24,469,SL/TP Long,2,38.36,19.18,3.64,-32.82,391.18,13
2024-01-25,470,SL/TP Long,2,-538.64,-269.32,3.64,-536.82,93.18,14
2024-01-26,471,EOD flat,2,-272.64,-136.32,3.64,-301.82,236.18,26
2024-01-29,472,EOD flat,2,452.36,226.18,3.64,-45.82,523.18,19
2024-01-31,473,SL/TP Long,2,-718.64,-359.32,3.64,-716.82,227.18,2
2024-02-01,474,SL/TP Long,2,15.36,7.68,3.64,-304.82,291.18,12
2024-02-02,475,EOD flat,2,379.36,189.68,3.64,-168.82,740.18,28
2024-02-05,476,EOD flat,2,-143.64,-71.82,3.64,-258.82,28.18,9
2024-02-07,477,SL/TP Long,2,44.36,22.18,3.64,0.0,385.18,10
2024-02-08,478,EOD flat,2,28.36,14.18,3.64,-118.82,173.18,27
2024-02-09,479,EOD flat,2,384.36,192.18,3.64,-72.82,520.18,28
2024-02-12,480,SL/TP Long,2,13.36,6.68,3.64,0.0,279.18,11
2024-02-13,481,EOD flat,2,94.36,47.18,3.64,-513.82,469.18,28
2024-02-14,482,EOD flat,2,217.36,108.68,3.64,-515.82,270.18,26
2024-02-15,483,EOD flat,2,199.36,99.68,3.64,-121.82,259.18,14
2024-02-21,484,SL/TP Long,2,222.36,111.18,3.64,-556.82,561.18,25
2024-02-22,485,EOD flat,2,404.36,202.18,3.64,-105.82,657.18,28
2024-02-26,486,EOD flat,2,-411.64,-205.82,3.64,-427.82,33.18,20
2024-02-27,487,EOD flat,2,-64.64,-32.32,3.64,-475.82,20.18,26
2024-02-28,488,EOD flat,2,-349.64,-174.82,3.64,-403.82,111.18,23
2024-02-29,489,EOD flat,2,-12.64,-6.32,3.64,-148.82,144.18,4
2024-03-01,490,EOD flat,2,702.36,351.18,3.64,-3.82,909.18,27
2024-03-04,491,EOD flat,2,-372.64,-186.32,3.64,-414.82,38.18,9
2024-03-06,492,SL/TP Long,2,-573.64,-286.82,3.64,-571.82,189.18,15
2024-03-07,493,SL/TP Long,2,92.36,46.18,3.64,-29.82,536.18,23
2024-03-08,494,SL/TP Long,2,-792.64,-396.32,3.64,-790.82,193.18,7
2024-03-12,495,EOD flat,2,524.36,262.18,3.64,-65.82,605.18,26
2024-03-18,496,EOD flat,2,-480.64,-240.32,3.64,-559.82,133.18,27
2024-03-19,497,EOD flat,2,477.36,238.68,3.64,-83.82,544.18,21
2024-03-20,498,EOD flat,2,822.36,411.18,3.64,-195.82,840.18,11
2024-03-22,499,SL/TP Long,2,54.36,27.18,3.64,-185.82,311.18,20
2024-03-25,500,EOD flat,2,201.36,100.68,3.64,0.0,358.18,27
2024-03-26,501,SL/TP Long,2,-453.64,-226.82,3.64,-451.82,55.18,22
2024-03-28,502,EOD flat,2,-195.64,-97.82,3.64,-264.82,103.18,28
2024-04-02,503,EOD flat,2,188.36,94.18,3.64,-110.82,208.18,15
2024-04-03,504,SL/TP Long,2,363.36,181.68,3.64,0.0,671.18,10
2024-04-05,505,SL/TP Long,2,322.36,161.18,3.64,-128.82,804.18,16
2024-04-08,506,EOD flat,2,-212.64,-106.32,3.64,-445.82,55.18,25
2024-04-09,507,EOD flat,2,-90.64,-45.32,3.64,-100.82,7.18,3
2024-04-10,508,EOD flat,2,-24.64,-12.32,3.64,-331.82,141.18,27
2024-04-11,509,EOD flat,2,820.36,410.18,3.64,-89.82,962.18,21
2024-04-12,510,SL/TP Long,2,-577.64,-288.82,3.64,-575.82,2.18,4
2024-04-16,511,EOD flat,2,-13.64,-6.82,3.64,-321.82,358.18,28
2024-04-18,512,EOD flat,2,-656.64,-328.32,3.64,-753.82,210.18,25
2024-04-22,513,SL/TP Long,2,-440.64,-220.32,3.64,-438.82,23.18,1
2024-04-23,514,EOD flat,2,630.36,315.18,3.64,-101.82,662.18,28
2024-04-25,515,SL/TP Long,2,1757.36,878.68,3.64,-139.82,1759.18,24
2024-04-26,516,EOD flat,2,206.36,103.18,3.64,-64.82,466.18,28
2024-04-30,517,SL/TP Long,2,-630.64,-315.32,3.64,-628.82,31.18,10
2024-05-01,518,SL/TP Long,2,628.36,314.18,3.64,-218.82,933.18,3
2024-05-02,519,EOD flat,2,561.36,280.68,3.64,-112.82,608.18,14
2024-05-03,520,EOD flat,2,109.36,54.68,3.64,-424.82,201.18,28
2024-05-06,521,EOD flat,2,302.36,151.18,3.64,-172.82,365.18,28
2024-05-09,522,EOD flat,2,60.36,30.18,3.64,-138.82,141.18,25
2024-05-14,523,EOD flat,2,364.36,182.18,3.64,-141.82,460.18,26
2024-05-15,524,EOD flat,2,645.36,322.68,3.64,-20.82,697.18,26
2024-05-16,525,SL/TP Long,2,36.36,18.18,3.64,-141.82,207.18,9
2024-05-20,526,EOD flat,2,-21.64,-10.82,3.64,-171.82,177.18,28
2024-05-21,527,EOD flat,2,337.36,168.68,3.64,-16.82,376.18,27
2024-05-22,528,SL/TP Long,2,-380.64,-190.32,3.64,-378.82,45.18,16
2024-05-24,529,SL/TP Long,2,325.36,162.68,3.64,0.0,592.18,20
2024-05-28,530,EOD flat,2,48.36,24.18,3.64,-472.82,119.18,21
2024-05-29,531,EOD flat,2,-344.64,-172.32,3.64,-369.82,191.18,28
2024-06-04,532,EOD flat,2,216.36,108.18,3.64,-323.82,407.18,27
2024-06-05,533,EOD flat,2,918.36,459.18,3.64,-230.82,933.18,28
2024-06-07,534,SL/TP Long,2,113.36,56.68,3.64,-123.82,436.18,16
2024-06-10,535,SL/TP Long,2,109.36,54.68,3.64,-7.82,388.18,16
2024-06-11,536,EOD flat,2,636.36,318.18,3.64,-100.82,678.18,26
2024-06-12,537,EOD flat,2,472.36,236.18,3.64,-232.82,483.18,28
2024-06-14,538,EOD flat,2,223.36,111.68,3.64,-305.82,241.18,28
2024-06-18,539,EOD flat,2,-45.64,-22.82,3.64,-239.82,36.18,12
2024-06-21,540,EOD flat,2,-152.64,-76.32,3.64,-396.82,106.18,20
2024-06-24,541,SL/TP Long,2,-790.64,-395.32,3.64,-788.82,118.18,18
2024-06-25,542,SL/TP Long,2,159.36,79.68,3.64,0.0,485.18,11
2024-06-26,543,EOD flat,2,-81.64,-40.82,3.64,-241.82,222.18,28
2024-06-27,544,EOD flat,2,-141.64,-70.82,3.64,-590.82,58.18,27
2024-06-28,545,SL/TP Long,2,95.36,47.68,3.64,-2.82,497.18,3
2024-07-01,546,EOD flat,2,221.36,110.68,3.64,-35.82,350.18,19
2024-07-02,547,EOD flat,2,623.36,311.68,3.64,-274.82,703.18,27
2024-07-03,548,EOD flat,2,483.36,241.68,3.64,-164.82,636.18,14
2024-07-05,549,EOD flat,2,299.36,149.68,3.64,-209.82,500.18,28
2024-07-08,550,EOD flat,2,153.36,76.68,3.64,-146.82,170.18,22
2024-07-09,551,SL/TP Long,2,-470.64,-235.32,3.64,-468.82,26.18,11
2024-07-10,552,EOD flat,2,506.36,253.18,3.64,-263.82,594.18,27
2024-07-12,553,SL/TP Long,2,163.36,81.68,3.64,-84.82,505.18,9
2024-07-15,554,SL/TP Long,2,98.36,49.18,3.64,-66.82,521.18,7
2024-07-22,555,EOD flat,2,5.36,2.68,3.64,-683.82,257.18,27
2024-07-23,556,EOD flat,2,-361.64,-180.82,3.64,-525.82,202.18,26
2024-07-25,557,EOD flat,2,-1006.64,-503.32,3.64,-1220.82,579.18,23
2024-07-26,558,EOD flat,2,-38.64,-19.32,3.64,-575.82,457.18,26
2024-07-29,559,EOD flat,2,-551.64,-275.82,3.64,-983.82,73.18,28
2024-07-31,560,SL/TP Long,2,31.36,15.68,3.64,-273.82,643.18,21
2024-08-01,561,SL/TP Long,2,-1336.64,-668.32,3.64,-1334.82,104.18,5
2024-08-05,562,EOD flat,2,1027.36,513.68,3.64,-126.82,1629.18,28
2024-08-06,563,SL/TP Long,2,13.36,6.68,3.64,-188.82,1234.18,23
2024-08-07,564,SL/TP Long,2,-1363.64,-681.82,3.64,-1361.82,61.18,12
2024-08-08,565,EOD flat,2,1210.36,605.18,3.64,0.0,1361.18,27
2024-08-09,566,EOD flat,2,290.36,145.18,3.64,-372.82,581.18,27
2024-08-12,567,EOD flat,2,-202.64,-101.32,3.64,-388.82,368.18,26
2024-08-13,568,EOD flat,2,799.36,399.68,3.64,-176.82,887.18,28
2024-08-14,569,EOD flat,2,-115.64,-57.82,3.64,-628.82,112.18,20
2024-08-15,570,EOD flat,2,425.36,212.68,3.64,-221.82,570.18,28
2024-08-16,571,EOD flat,2,273.36,136.68,3.64,-171.82,508.18,27
2024-08-19,572,EOD flat,2,851.36,425.68,3.64,-79.82,934.18,24
2024-08-27,573,EOD flat,2,372.36,186.18,3.64,-46.82,608.18,28
2024-08-29,574,EOD flat,2,-783.64,-391.82,3.64,-1230.82,189.18,28
2024-08-30,575,SL/TP Long,2,-701.64,-350.82,3.64,-699.82,145.18,7
2024-09-04,576,EOD flat,2,-46.64,-23.32,3.64,-548.82,567.18,28
2024-09-05,577,EOD flat,2,-514.64,-257.32,3.64,-838.82,394.18,28
2024-09-09,578,EOD flat,2,141.36,70.68,3.64,-763.82,187.18,28
2024-09-10,579,EOD flat,2,58.36,29.18,3.64,-69.82,217.18,11
2024-09-11,580,EOD flat,2,1262.36,631.18,3.64,-234.82,1454.18,17
2024-09-12,581,SL/TP Long,2,292.36,146.18,3.64,-173.82,772.18,19
2024-09-13,582,EOD flat,2,-1.64,-0.82,3.64,-365.82,293.18,27
2024-09-17,583,SL/TP Long,2,-728.64,-364.32,3.64,-726.82,84.18,6
2024-09-18,584,SL/TP Long,2,226.36,113.18,3.64,0.0,643.18,0
2024-09-19,585,SL/TP Long,2,96.36,48.18,3.64,-99.82,516.18,20
2024-09-20,586,EOD flat,2,-277.64,-138.82,3.64,-351.82,3.18,5
2024-09-23,587,EOD flat,2,-98.64,-49.32,3.64,-274.82,158.18,27
2024-09-24,588,EOD flat,2,120.36,60.18,3.64,-183.82,240.18,20
2024-09-25,589,EOD flat,2,31.36,15.68,3.64,-389.82,159.18,28
2024-09-30,590,EOD flat,2,-111.64,-55.82,3.64,-112.82,104.18,4
2024-10-02,591,EOD flat,2,363.36,181.68,3.64,-89.82,487.18,27
2024-10-03,592,EOD flat,2,-266.64,-133.32,3.64,-581.82,362.18,28
2024-10-07,593,SL/TP Long,2,-570.64,-285.32,3.64,-568.82,93.18,18
2024-10-08,594,SL/TP Long,2,190.36,95.18,3.64,-3.82,471.18,9
2024-10-09,595,EOD flat,2,587.36,293.68,3.64,-30.82,723.18,27
2024-10-10,596,SL/TP Long,2,166.36,83.18,3.64,-121.82,469.18,10
2024-10-11,597,EOD flat,2,149.36,74.68,3.64,0.0,481.18,27
2024-10-14,598,EOD flat,2,-138.64,-69.32,3.64,-585.82,34.18,28
2024-10-16,599,EOD flat,2,-220.64,-110.32,3.64,-242.82,3.18,10
2024-10-18,600,EOD flat,2,-107.64,-53.82,3.64,-272.82,86.18,27
2024-10-21,601,EOD flat,2,176.36,88.18,3.64,-595.82,241.18,28
2024-10-22,602,EOD flat,2,218.36,109.18,3.64,-147.82,559.18,28
2024-10-24,603,EOD flat,2,-63.64,-31.82,3.64,-138.82,28.18,5
2024-10-25,604,EOD flat,2,-689.64,-344.82,3.64,-755.82,234.18,28
2024-10-29,605,EOD flat,2,723.36,361.68,3.64,-32.82,931.18,27
2024-10-30,606,EOD flat,2,-675.64,-337.82,3.64,-810.82,103.18,27
2024-11-01,607,EOD flat,2,1.36,0.68,3.64,-181.82,475.18,28
2024-11-04,608,EOD flat,2,-113.64,-56.82,3.64,-455.82,336.18,27
2024-11-05,609,EOD flat,2,297.36,148.68,3.64,-233.82,380.18,28
2024-11-06,610,EOD flat,2,464.36,232.18,3.64,-460.82,513.18,25
2024-11-07,611,EOD flat,2,456.36,228.18,3.64,-93.82,574.18,28
2024-11-08,612,EOD flat,2,-24.64,-12.32,3.64,-145.82,135.18,20
2024-11-12,613,SL/TP Long,2,-603.64,-301.82,3.64,-601.82,0.0,11
2024-11-13,614,SL/TP Long,2,5.36,2.68,3.64,-84.82,313.18,10
2024-11-18,615,SL/TP Long,2,138.36,69.18,3.64,0.0,545.18,11
2024-11-19,616,EOD flat,2,663.36,331.68,3.64,-22.82,817.18,26
2024-11-20,617,EOD flat,2,-148.64,-74.32,3.64,-719.82,43.18,3
2024-11-22,618,EOD flat,2,80.36,40.18,3.64,-542.82,91.18,27
2024-11-26,619,EOD flat,2,-13.64,-6.82,3.64,-61.82,19.18,4
2024-12-01,620,EOD flat,2,244.36,122.18,3.64,-43.82,407.18,14
2024-12-02,621,EOD flat,2,238.36,119.18,3.64,-38.82,435.18,28
2024-12-03,622,EOD flat,2,474.36,237.18,3.64,-170.82,496.18,28
2024-12-04,623,EOD flat,2,245.36,122.68,3.64,-160.82,377.18,27
2024-12-05,624,SL/TP Long,2,-340.64,-170.32,3.64,-338.82,60.18,14
2024-12-06,625,EOD flat,2,99.36,49.68,3.64,-142.82,244.18,28
2024-12-10,626,SL/TP Long,2,-718.64,-359.32,3.64,-716.82,118.18,20
2024-12-11,627,EOD flat,2,231.36,115.68,3.64,-91.82,492.18,28
2024-12-12,628,EOD flat,2,-272.64,-136.32,3.64,-387.82,181.18,26
2024-12-17,629,EOD flat,2,-254.64,-127.32,3.64,-452.82,77.18,21
2024-12-18,630,SL/TP Long,2,-920.64,-460.32,3.64,-918.82,193.18,17
2024-12-20,631,SL/TP Long,2,1257.36,628.68,3.64,0.0,2010.18,22
2024-12-23,632,EOD flat,2,247.36,123.68,3.64,-134.82,403.18,21
2024-12-25,633,EOD flat,2,651.36,325.68,3.64,-28.82,723.18,14
2024-12-26,634,EOD flat,2,-103.64,-51.82,3.64,-169.82,263.18,25
2024-12-30,635,EOD flat,2,-117.64,-58.82,3.64,-267.82,607.18,22
2025-01-02,636,EOD flat,2,-854.64,-427.32,3.64,-1650.82,192.18,27
2025-01-03,637,EOD flat,2,229.36,114.68,3.64,-685.82,508.18,27
2025-01-06,638,EOD flat,2,-196.64,-98.32,3.64,-731.82,270.18,27
2025-01-08,639,EOD flat,2,-238.64,-119.32,3.64,-877.82,184.18,27
2025-01-13,640,EOD flat,2,758.36,379.18,3.64,-352.82,775.18,28
2025-01-15,641,EOD flat,2,188.36,94.18,3.64,-326.82,499.18,28
2025-01-21,642,EOD flat,2,177.36,88.68,3.64,-123.82,227.18,16
2025-01-22,643,EOD flat,2,-120.64,-60.32,3.64,-187.82,317.18,28
2025-01-23,644,EOD flat,2,418.36,209.18,3.64,-86.82,539.18,25
2025-01-24,645,SL/TP Long,2,-551.64,-275.82,3.64,-549.82,48.18,13
2025-01-27,646,EOD flat,2,-114.64,-57.32,3.64,-939.82,345.18,28
2025-01-28,647,EOD flat,2,947.36,473.68,3.64,0.0,1222.18,27
2025-01-30,648,SL/TP Long,2,-735.64,-367.82,3.64,-733.82,15.18,4
2025-01-31,649,SL/TP Long,2,-1006.64,-503.32,3.64,-1004.82,389.18,19
2025-02-03,650,EOD flat,2,952.36,476.18,3.64,0.0,1049.18,26
2025-02-04,651,EOD flat,2,95.36,47.68,3.64,-38.82,539.18,28
2025-02-05,652,EOD flat,2,728.36,364.18,3.64,-349.82,828.18,27
2025-02-06,653,SL/TP Long,2,50.36,25.18,3.64,-315.82,365.18,24
2025-02-10,654,EOD flat,2,130.36,65.18,3.64,0.0,360.18,27
2025-02-11,655,EOD flat,2,-24.64,-12.32,3.64,-327.82,294.18,27
2025-02-12,656,EOD flat,2,723.36,361.68,3.64,-387.82,741.18,28
2025-02-13,657,EOD flat,2,487.36,243.68,3.64,-331.82,688.18,27
2025-02-14,658,EOD flat,2,254.36,127.18,3.64,-187.82,341.18,27
2025-02-19,659,SL/TP Long,2,14.36,7.18,3.64,-109.82,310.18,17
2025-02-26,660,EOD flat,2,-107.64,-53.82,3.64,-945.82,434.18,28
2025-02-28,661,EOD flat,2,1055.36,527.68,3.64,-646.82,1195.18,27
2025-03-04,662,SL/TP Long,2,177.36,88.68,3.64,-474.82,1209.18,14
2025-03-05,663,EOD flat,2,573.36,286.68,3.64,-1004.82,1037.18,27
2025-03-06,664,SL/TP Long,2,-1328.64,-664.32,3.64,-1326.82,608.18,17
2025-03-07,665,SL/TP Long,2,-1670.64,-835.32,3.64,-1668.82,6.18,7
2025-03-11,666,EOD flat,2,-618.64,-309.32,3.64,-1410.82,535.18,27
2025-03-14,667,EOD flat,2,259.36,129.68,3.64,-40.82,566.18,24
2025-03-19,668,SL/TP Long,2,617.36,308.68,3.64,-235.82,1271.18,22
2025-03-20,669,EOD flat,2,-164.64,-82.32,3.64,-556.82,681.18,28
2025-03-21,670,EOD flat,2,1003.36,501.68,3.64,-225.82,1033.18,28
2025-03-24,671,EOD flat,2,159.36,79.68,3.64,-165.82,373.18,28
2025-03-25,672,EOD flat,2,335.36,167.68,3.64,-246.82,368.18,27
2025-03-27,673,EOD flat,2,-323.64,-161.82,3.64,-409.82,486.18,28
2025-03-31,674,EOD flat,2,795.36,397.68,3.64,-201.82,1106.18,22
2025-04-01,675,SL/TP Long,2,266.36,133.18,3.64,-33.82,838.18,8
2025-04-02,676,SL/TP Long,2,739.36,369.68,3.64,-54.82,2043.18,25
2025-04-07,677,SL/TP Long,2,1866.36,933.18,3.64,-440.82,4341.18,2
2025-04-07,678,EOD flat,2,-1311.64,-655.82,3.64,-3223.82,1614.18,27
2025-04-07,679,EOD flat,2,1065.36,532.68,3.64,-846.82,1837.18,26
2025-04-08,680,SL/TP Long,2,-1589.64,-794.82,3.64,-1587.82,432.18,10
2025-04-08,681,SL/TP Long,2,-1772.64,-886.32,3.64,-1770.82,249.18,9
2025-04-09,682,EOD flat,2,7183.36,3591.68,3.64,-1359.82,7334.18,27
2025-04-09,683,EOD flat,2,7944.36,3972.18,3.64,-598.82,8095.18,27
2025-04-11,684,EOD flat,2,985.36,492.68,3.64,-1207.82,1205.18,27
2025-04-11,685,EOD flat,2,1157.36,578.68,3.64,-1035.82,1377.18,27
2025-04-15,687,EOD flat,2,-591.64,-295.82,3.64,-810.82,106.18,27
2025-04-15,686,EOD flat,2,-592.64,-296.32,3.64,-811.82,229.18,27
2025-04-16,688,SL/TP Long,2,-1070.64,-535.32,3.64,-1068.82,222.18,9
2025-04-16,689,SL/TP Long,2,-1191.64,-595.82,3.64,-1189.82,12.18,9
2025-04-22,690,SL/TP Long,2,368.36,184.18,3.64,-55.82,1036.18,14
2025-04-22,691,SL/TP Long,2,298.36,149.18,3.64,-121.82,966.18,13
2025-04-23,692,EOD flat,2,-1049.64,-524.82,3.64,-1527.82,216.18,27
2025-04-23,693,EOD flat,2,-866.64,-433.32,3.64,-1344.82,399.18,27
2025-04-24,694,EOD flat,2,1174.36,587.18,3.64,-26.82,1460.18,28
2025-04-24,695,EOD flat,2,1071.36,535.68,3.64,-80.82,1357.18,27
2025-04-25,696,SL/TP Long,2,117.36,58.68,3.64,-517.82,762.18,15
2025-04-25,697,SL/TP Long,2,5.36,2.68,3.64,-629.82,650.18,15
2025-04-29,699,EOD flat,2,163.36,81.68,3.64,-407.82,479.18,27
2025-04-29,698,EOD flat,2,436.36,218.18,3.64,-140.82,752.18,28
2025-04-30,700,EOD flat,2,2156.36,1078.18,3.64,-130.82,2280.18,26
2025-04-30,701,EOD flat,2,2018.36,1009.18,3.64,-231.82,2142.18,25
2025-05-01,702,EOD flat,2,-786.64,-393.32,3.64,-947.82,529.18,26
2025-05-01,703,EOD flat,2,-816.64,-408.32,3.64,-977.82,499.18,26
2025-05-02,704,EOD flat,2,269.36,134.68,3.64,-83.82,578.18,27
2025-05-02,705,EOD flat,2,193.36,96.68,3.64,-159.82,502.18,27
2025-05-05,706,SL/TP Long,2,109.36,54.68,3.64,-205.82,523.18,24
2025-05-05,707,SL/TP Long,2,130.36,65.18,3.64,-184.82,544.18,23
2025-05-06,708,SL/TP Long,2,132.36,66.18,3.64,0.0,647.18,8
2025-05-06,709,EOD flat,2,-220.64,-110.32,3.64,-367.82,505.18,26
2025-05-07,711,SL/TP Long,2,-736.64,-368.32,3.64,-734.82,123.18,16
2025-05-07,710,SL/TP Long,2,-696.64,-348.32,3.64,-694.82,163.18,17
2025-05-08,712,SL/TP Long,2,90.36,45.18,3.64,-165.82,611.18,18
2025-05-08,713,SL/TP Long,2,136.36,68.18,3.64,-119.82,657.18,18
2025-05-12,714,EOD flat,2,74.36,37.18,3.64,-324.82,229.18,9
2025-05-13,715,EOD flat,2,513.36,256.68,3.64,-44.82,885.18,28
2025-05-14,716,EOD flat,2,-10.64,-5.32,3.64,-496.82,57.18,17
2025-05-15,717,SL/TP Long,2,378.36,189.18,3.64,-333.82,758.18,16
2025-05-16,718,EOD flat,2,-406.64,-203.32,3.64,-484.82,31.18,7
2025-05-19,719,EOD flat,2,639.36,319.68,3.64,-38.82,754.18,28
2025-05-20,720,EOD flat,2,-161.64,-80.82,3.64,-642.82,60.18,17
2025-05-21,721,SL/TP Long,2,64.36,32.18,3.64,-49.82,735.18,14
2025-05-22,722,EOD flat,2,-294.64,-147.32,3.64,-483.82,202.18,28
2025-05-23,723,EOD flat,2,-6.64,-3.32,3.64,-281.82,518.18,27
2025-05-27,724,EOD flat,2,640.36,320.18,3.64,0.0,686.18,27
2025-05-30,725,SL/TP Long,2,-960.64,-480.32,3.64,-958.82,32.18,9
2025-06-02,726,EOD flat,2,381.36,190.68,3.64,-136.82,472.18,15
2025-06-03,727,EOD flat,2,363.36,181.68,3.64,-49.82,653.18,27
2025-06-04,728,EOD flat,2,-189.64,-94.82,3.64,-213.82,34.18,11
2025-06-05,729,SL/TP Long,2,-1055.64,-527.82,3.64,-1053.82,382.18,19
2025-06-06,730,EOD flat,2,-175.64,-87.82,3.64,-525.82,108.18,23
2025-06-09,731,EOD flat,2,20.36,10.18,3.64,-76.82,307.18,27
2025-06-10,732,EOD flat,2,254.36,127.18,3.64,-576.82,420.18,24
2025-06-11,733,SL/TP Long,2,-733.64,-366.82,3.64,-731.82,133.18,15
2025-06-12,734,EOD flat,2,88.36,44.18,3.64,-14.82,368.18,27
2025-06-13,735,EOD flat,2,-542.64,-271.32,3.64,-750.82,267.18,22
2025-06-17,736,EOD flat,2,-632.64,-316.32,3.64,-810.82,103.18,27
2025-06-18,737,EOD flat,2,-217.64,-108.82,3.64,-527.82,335.18,27
2025-06-23,738,EOD flat,2,581.36,290.68,3.64,-749.82,668.18,28
2025-06-24,739,EOD flat,2,321.36,160.68,3.64,-113.82,477.18,25
2025-06-26,740,EOD flat,2,419.36,209.68,3.64,-90.82,502.18,27
2025-06-27,741,EOD flat,2,-102.64,-51.32,3.64,-660.82,234.18,28
2025-06-30,742,EOD flat,2,-102.64,-51.32,3.64,-151.82,173.18,6
2025-07-01,743,SL/TP Long,2,-420.64,-210.32,3.64,-418.82,92.18,2
2025-07-02,744,EOD flat,2,578.36,289.18,3.64,0.0,603.18,27
2025-07-03,745,EOD flat,2,166.36,83.18,3.64,-12.82,412.18,14
2025-07-08,746,EOD flat,2,-195.64,-97.82,3.64,-326.82,44.18,18
2025-07-09,747,EOD flat,2,-174.64,-87.32,3.64,-676.82,100.18,28
2025-07-11,748,EOD flat,2,-112.64,-56.32,3.64,-223.82,228.18,28
2025-07-14,749,EOD flat,2,223.36,111.68,3.64,-228.82,352.18,26
2025-07-16,750,EOD flat,2,-113.64,-56.82,3.64,-141.82,37.18,5
2025-07-17,751,EOD flat,2,456.36,228.18,3.64,-144.82,521.18,28
2025-07-21,752,EOD flat,2,-120.64,-60.32,3.64,-191.82,195.18,28
2025-07-23,753,EOD flat,2,542.36,271.18,3.64,-323.82,568.18,20
2025-07-24,754,EOD flat,2,-23.64,-11.82,3.64,-240.82,99.18,20
2025-07-25,755,EOD flat,2,224.36,112.18,3.64,-27.82,346.18,28
2025-07-28,756,EOD flat,2,-49.64,-24.82,3.64,-334.82,28.18,28
2025-07-30,757,SL/TP Long,2,-600.64,-300.32,3.64,-598.82,317.18,19
2025-08-04,758,EOD flat,2,414.36,207.18,3.64,-238.82,426.18,28
2025-08-05,759,SL/TP Long,2,-696.64,-348.32,3.64,-694.82,0.0,3
2025-08-06,760,EOD flat,2,734.36,367.18,3.64,-257.82,864.18,27
2025-08-07,761,SL/TP Long,2,-684.64,-342.32,3.64,-682.82,64.18,8
2025-08-08,762,EOD flat,2,488.36,244.18,3.64,-129.82,496.18,28
2025-08-11,763,SL/TP Long,2,-606.64,-303.32,3.64,-604.82,235.18,24
2025-08-12,764,EOD flat,2,555.36,277.68,3.64,0.0,573.18,23
2025-08-14,765,EOD flat,2,-187.64,-93.82,3.64,-297.82,273.18,28
2025-08-18,766,EOD flat,2,-120.64,-60.32,3.64,-400.82,22.18,26
2025-08-21,767,EOD flat,2,-277.64,-138.82,3.64,-686.82,228.18,27
2025-08-22,768,EOD flat,2,1029.36,514.68,3.64,0.0,1301.18,27
2025-08-25,769,EOD flat,2,-74.64,-37.32,3.64,-138.82,386.18,28
2025-08-26,770,EOD flat,2,349.36,174.68,3.64,-160.82,367.18,27
