trading_day,bias_overnight,bias_gap,bias_dayhist,y,on_range,gap,rth_range
2020-09-25T00:00:00,1,0,1,1,458.0,134.0,616.0
2020-09-28T00:00:00,0,1,1,0,279.0,360.0,245.0
2020-09-29T00:00:00,0,0,0,0,265.0,31.0,270.0
2020-09-30T00:00:00,1,0,0,1,380.0,61.0,517.0
2020-10-01T00:00:00,0,0,1,1,183.0,179.0,383.0
2020-10-02T00:00:00,1,1,0,1,537.0,396.0,491.0
2020-10-05T00:00:00,0,1,1,0,137.0,205.0,287.0
2020-10-06T00:00:00,0,0,0,1,244.0,119.0,629.0
2020-10-07T00:00:00,0,1,1,1,241.0,260.0,344.0
2020-10-08T00:00:00,0,0,0,0,232.0,166.0,202.0
2020-10-09T00:00:00,0,0,0,0,120.0,135.0,242.0
2020-10-12T00:00:00,0,0,0,1,131.0,100.0,301.0
2020-10-13T00:00:00,0,0,0,0,192.0,76.0,213.0
2020-10-14T00:00:00,0,0,0,1,201.0,48.0,338.0
2020-10-15T00:00:00,1,1,0,1,349.0,320.0,380.0
2020-10-16T00:00:00,0,0,0,0,201.0,121.0,249.0
2020-10-19T00:00:00,0,0,0,1,128.0,64.0,575.0
2020-10-20T00:00:00,0,0,1,1,199.0,104.0,337.0
2020-10-21T00:00:00,0,0,0,0,284.0,47.0,264.0
2020-10-22T00:00:00,0,0,0,1,208.0,7.0,388.0
2020-10-23T00:00:00,0,0,0,1,207.0,77.0,310.0
2020-10-26T00:00:00,0,1,0,1,201.0,324.0,678.0
2020-10-27T00:00:00,0,0,1,0,165.0,8.0,250.0
2020-10-28T00:00:00,1,1,0,1,542.0,584.0,577.0
2020-10-29T00:00:00,1,0,1,1,518.0,34.0,615.0
2020-10-30T00:00:00,1,0,1,1,511.0,155.0,493.0
2020-11-02T00:00:00,1,1,0,1,560.0,389.0,360.0
2020-11-03T00:00:00,1,1,0,1,335.0,358.0,431.0
2020-11-04T00:00:00,1,0,0,1,699.0,107.0,759.0
2020-11-05T00:00:00,1,1,1,0,381.0,374.0,294.0
2020-11-06T00:00:00,1,0,0,0,492.0,18.0,253.0
2020-11-09T00:00:00,1,1,0,1,1481.0,1551.0,815.0
2020-11-10T00:00:00,1,0,1,1,508.0,137.0,355.0
2020-11-11T00:00:00,0,0,0,0,232.0,166.0,323.0
2020-11-12T00:00:00,0,0,0,1,221.0,191.0,408.0
2020-11-13T00:00:00,0,0,0,0,358.0,185.0,348.0
2020-11-16T00:00:00,0,1,0,0,391.0,420.0,236.0
2020-11-17T00:00:00,0,0,0,0,281.0,258.0,357.0
2020-11-18T00:00:00,0,0,0,1,327.0,88.0,499.0
2020-11-19T00:00:00,0,0,0,0,286.0,71.0,291.0
2020-11-20T00:00:00,0,0,0,0,216.0,44.0,238.0
2020-11-23T00:00:00,0,0,0,0,189.0,177.0,324.0
2020-11-24T00:00:00,0,0,0,0,130.0,309.0,281.0
2020-11-25T00:00:00,0,0,0,0,157.0,48.0,196.0
2020-11-26T00:00:00,0,0,0,0,122.0,1.0,125.0
2020-11-27T00:00:00,0,0,0,0,153.0,128.0,205.0
2020-11-30T00:00:00,0,0,0,0,296.0,188.0,307.0
2020-12-01T00:00:00,0,0,0,0,174.0,313.0,289.0
2020-12-02T00:00:00,0,0,0,0,141.0,134.0,301.0
2020-12-03T00:00:00,0,0,0,0,164.0,19.0,236.0
2020-12-04T00:00:00,0,0,0,0,129.0,70.0,201.0
2020-12-07T00:00:00,0,0,0,0,175.0,76.0,210.0
2020-12-08T00:00:00,0,0,0,0,197.0,105.0,286.0
2020-12-09T00:00:00,0,0,0,1,94.0,102.0,362.0
2020-12-10T00:00:00,0,0,0,0,230.0,89.0,199.0
2020-12-11T00:00:00,0,0,0,0,329.0,109.0,259.0
2020-12-14T00:00:00,0,0,0,1,119.0,209.0,477.0
2020-12-15T00:00:00,0,0,0,1,237.0,99.0,345.0
2020-12-16T00:00:00,0,0,0,0,166.0,7.0,159.0
2020-12-17T00:00:00,0,0,0,0,115.0,101.0,98.0
2020-12-18T00:00:00,0,0,0,0,193.0,4.0,293.0
2020-12-21T00:00:00,1,1,0,1,876.0,317.0,558.0
2020-12-22T00:00:00,0,0,1,0,228.0,32.0,194.0
2020-12-23T00:00:00,0,0,0,0,206.0,106.0,167.0
2020-12-24T00:00:00,0,0,0,0,98.0,33.0,118.0
2020-12-28T00:00:00,0,0,0,0,115.0,173.0,181.0
2020-12-29T00:00:00,0,0,0,1,91.0,150.0,312.0
2020-12-30T00:00:00,0,0,0,0,109.0,62.0,135.0
2020-12-31T00:00:00,0,0,0,0,100.0,12.0,295.0
2021-01-04T00:00:00,0,0,0,1,225.0,95.0,806.0
2021-01-05T00:00:00,0,0,1,1,233.0,37.0,368.0
2021-01-06T00:00:00,0,0,0,1,277.0,11.0,715.0
2021-01-07T00:00:00,0,0,1,0,191.0,136.0,295.0
2021-01-08T00:00:00,0,0,0,1,176.0,78.0,347.0
2021-01-11T00:00:00,0,1,0,0,244.0,255.0,258.0
2021-01-12T00:00:00,0,0,0,0,137.0,0.0,231.0
2021-01-13T00:00:00,0,0,0,0,171.0,6.0,166.0
2021-01-14T00:00:00,0,0,0,0,66.0,96.0,230.0
2021-01-15T00:00:00,0,0,0,1,164.0,195.0,337.0
2021-01-18T00:00:00,0,0,0,0,130.0,34.0,86.0
2021-01-19T00:00:00,0,0,0,0,124.0,215.0,223.0
2021-01-20T00:00:00,0,0,0,0,157.0,113.0,242.0
2021-01-21T00:00:00,0,0,0,0,119.0,22.0,156.0
2021-01-22T00:00:00,0,0,0,0,225.0,203.0,196.0
2021-01-25T00:00:00,0,0,0,1,307.0,108.0,419.0
2021-01-26T00:00:00,0,0,1,0,311.0,91.0,197.0
2021-01-27T00:00:00,1,1,0,1,347.0,288.0,462.0
2021-01-28T00:00:00,1,0,1,1,478.0,169.0,464.0
2021-01-29T00:00:00,1,1,1,1,337.0,215.0,622.0
2021-02-01T00:00:00,0,1,1,1,225.0,244.0,330.0
2021-02-02T00:00:00,0,1,0,1,168.0,254.0,384.0
2021-02-03T00:00:00,0,0,1,0,211.0,86.0,274.0
2021-02-04T00:00:00,0,0,0,1,155.0,60.0,290.0
2021-02-05T00:00:00,0,0,0,0,159.0,177.0,172.0
2021-02-08T00:00:00,0,0,0,0,99.0,118.0,141.0
2021-02-09T00:00:00,0,0,0,0,112.0,60.0,197.0
2021-02-10T00:00:00,0,0,0,1,129.0,124.0,294.0
2021-02-11T00:00:00,0,0,0,1,78.0,52.0,298.0
2021-02-12T00:00:00,0,0,0,0,137.0,37.0,132.0
2021-02-15T00:00:00,0,0,0,0,51.0,153.0,76.0
2021-02-16T00:00:00,0,0,0,0,173.0,59.0,173.0
2021-02-17T00:00:00,0,0,0,1,147.0,92.0,310.0
2021-02-18T00:00:00,1,0,0,1,245.0,186.0,264.0
2021-02-19T00:00:00,0,0,0,0,207.0,66.0,175.0
2021-02-22T00:00:00,1,1,0,1,235.0,198.0,367.0
2021-02-23T00:00:00,1,0,1,1,263.0,47.0,492.0
2021-02-24T00:00:00,1,0,1,1,256.0,71.0,592.0
2021-02-25T00:00:00,0,0,1,1,155.0,21.0,695.0
2021-02-26T00:00:00,1,0,1,1,298.0,31.0,518.0
2021-03-01T00:00:00,0,1,1,1,227.0,411.0,342.0
2021-03-02T00:00:00,1,0,0,0,249.0,11.0,246.0
2021-03-03T00:00:00,1,0,0,1,290.0,33.0,302.0
2021-03-04T00:00:00,0,0,0,1,246.0,26.0,921.0
2021-03-05T00:00:00,1,1,1,1,556.0,287.0,814.0
2021-03-08T00:00:00,1,0,1,1,345.0,164.0,588.0
2021-03-09T00:00:00,0,0,1,1,147.0,119.0,328.0
2021-03-10T00:00:00,1,0,0,1,290.0,194.0,380.0
2021-03-11T00:00:00,0,0,0,1,100.0,136.0,316.0
2021-03-12T00:00:00,0,0,0,1,201.0,41.0,297.0
2021-03-15T00:00:00,0,0,0,1,176.0,80.0,343.0
2021-03-16T00:00:00,0,0,0,0,98.0,120.0,174.0
2021-03-17T00:00:00,0,0,0,0,94.0,38.0,264.0
2021-03-18T00:00:00,0,0,0,1,184.0,47.0,392.0
2021-03-19T00:00:00,0,0,0,1,155.0,61.0,310.0
2021-03-22T00:00:00,0,0,0,0,195.0,42.0,294.0
2021-03-23T00:00:00,0,0,0,1,162.0,92.0,405.0
2021-03-24T00:00:00,0,0,0,1,204.0,120.0,364.0
2021-03-25T00:00:00,1,0,0,1,301.0,140.0,599.0
2021-03-26T00:00:00,0,0,1,1,119.0,139.0,418.0
2021-03-29T00:00:00,0,0,0,1,149.0,131.0,355.0
2021-03-30T00:00:00,0,0,0,0,152.0,64.0,186.0
2021-03-31T00:00:00,0,0,0,0,93.0,29.0,166.0
2021-04-01T00:00:00,0,0,0,0,128.0,66.0,189.0
2021-04-05T00:00:00,0,1,0,0,103.0,253.0,225.0
2021-04-06T00:00:00,0,0,0,0,119.0,47.0,166.0
2021-04-07T00:00:00,0,0,0,0,104.0,22.0,174.0
2021-04-08T00:00:00,0,0,0,0,132.0,14.0,171.0
2021-04-09T00:00:00,0,0,0,0,110.0,63.0,273.0
2021-04-12T00:00:00,0,0,0,0,94.0,62.0,122.0
2021-04-13T00:00:00,0,0,0,0,252.0,91.0,197.0
2021-04-14T00:00:00,0,0,0,0,65.0,2.0,239.0
2021-04-15T00:00:00,0,0,0,0,142.0,135.0,186.0
2021-04-16T00:00:00,0,0,0,0,200.0,143.0,144.0
2021-04-19T00:00:00,0,0,0,0,98.0,86.0,169.0
2021-04-20T00:00:00,1,0,0,1,300.0,139.0,311.0
2021-04-21T00:00:00,0,0,0,1,129.0,51.0,392.0
2021-04-22T00:00:00,0,0,0,1,69.0,14.0,410.0
2021-04-23T00:00:00,0,0,1,1,148.0,36.0,448.0
2021-04-26T00:00:00,0,0,1,0,94.0,72.0,213.0
2021-04-27T00:00:00,0,0,0,0,156.0,28.0,174.0
2021-04-28T00:00:00,0,0,0,0,89.0,63.0,146.0
2021-04-29T00:00:00,0,1,0,1,105.0,146.0,349.0
2021-04-30T00:00:00,0,1,0,0,168.0,165.0,181.0
2021-05-03T00:00:00,0,1,0,0,145.0,188.0,166.0
2021-05-04T00:00:00,0,0,0,1,207.0,118.0,382.0
2021-05-05T00:00:00,0,0,0,0,87.0,82.0,294.0
2021-05-06T00:00:00,0,0,0,1,123.0,62.0,371.0
2021-05-07T00:00:00,0,0,0,1,224.0,35.0,357.0
2021-05-10T00:00:00,0,0,0,1,94.0,138.0,347.0
2021-05-11T00:00:00,1,1,0,1,304.0,279.0,435.0
2021-05-12T00:00:00,1,0,1,1,274.0,138.0,657.0
2021-05-13T00:00:00,1,0,1,1,423.0,21.0,578.0
2021-05-14T00:00:00,0,1,1,1,129.0,189.0,314.0
2021-05-17T00:00:00,0,0,0,0,180.0,100.0,219.0
2021-05-18T00:00:00,0,0,0,1,183.0,14.0,364.0
2021-05-19T00:00:00,1,1,0,1,359.0,347.0,439.0
2021-05-20T00:00:00,1,0,1,1,283.0,29.0,366.0
2021-05-21T00:00:00,0,1,0,0,185.0,142.0,283.0
2021-05-24T00:00:00,0,0,0,0,93.0,137.0,164.0
2021-05-25T00:00:00,0,0,0,0,81.0,73.0,240.0
2021-05-26T00:00:00,0,0,0,0,112.0,41.0,146.0
2021-05-27T00:00:00,1,1,0,0,329.0,213.0,233.0
2021-05-28T00:00:00,0,1,0,0,77.0,189.0,116.0
2021-05-31T00:00:00,0,0,0,0,91.0,33.0,83.0
2021-06-01T00:00:00,1,1,0,1,310.0,384.0,310.0
2021-06-02T00:00:00,0,0,0,0,135.0,81.0,161.0
2021-06-03T00:00:00,1,1,0,1,283.0,170.0,345.0
2021-06-04T00:00:00,0,0,0,0,204.0,103.0,145.0
2021-06-07T00:00:00,0,0,0,0,174.0,67.0,256.0
2021-06-08T00:00:00,0,0,0,0,190.0,7.0,218.0
2021-06-09T00:00:00,0,0,0,0,95.0,23.0,220.0
2021-06-10T00:00:00,1,1,0,1,226.0,171.0,296.0
2021-06-11T00:00:00,0,0,0,1,141.0,100.0,300.0
2021-06-14T00:00:00,0,0,0,0,160.0,28.0,240.0
2021-06-15T00:00:00,0,0,0,0,118.0,97.0,217.0
2021-06-16T00:00:00,0,0,0,1,93.0,7.0,423.0
2021-06-17T00:00:00,0,0,1,1,171.0,11.0,474.0
2021-06-18T00:00:00,1,1,1,1,438.0,393.0,276.0
2021-06-21T00:00:00,1,1,0,1,508.0,252.0,472.0
2021-06-22T00:00:00,0,0,1,1,157.0,5.0,300.0
2021-06-23T00:00:00,0,0,0,0,153.0,7.0,151.0
2021-06-24T00:00:00,0,1,0,0,145.0,195.0,197.0
2021-06-25T00:00:00,0,0,0,0,132.0,166.0,196.0
2021-06-28T00:00:00,0,0,0,1,112.0,6.0,268.0
2021-06-29T00:00:00,0,0,0,0,177.0,113.0,218.0
2021-06-30T00:00:00,0,0,0,1,214.0,57.0,323.0
2021-07-01T00:00:00,0,0,0,0,160.0,83.0,151.0
2021-07-02T00:00:00,0,0,0,0,130.0,69.0,213.0
2021-07-05T00:00:00,0,0,0,0,121.0,21.0,64.0
2021-07-06T00:00:00,0,0,0,1,105.0,37.0,459.0
2021-07-07T00:00:00,0,0,1,1,110.0,12.0,275.0
2021-07-08T00:00:00,1,1,0,1,492.0,432.0,344.0
2021-07-09T00:00:00,1,1,0,1,360.0,222.0,323.0
2021-07-12T00:00:00,0,0,0,1,180.0,76.0,296.0
2021-07-13T00:00:00,0,0,0,0,132.0,55.0,138.0
2021-07-14T00:00:00,1,0,0,0,242.0,111.0,236.0
2021-07-15T00:00:00,0,0,0,0,179.0,163.0,237.0
2021-07-16T00:00:00,0,0,0,1,149.0,100.0,446.0
2021-07-19T00:00:00,1,1,1,1,423.0,497.0,525.0
2021-07-20T00:00:00,1,0,1,1,293.0,45.0,636.0
2021-07-21T00:00:00,0,1,1,0,269.0,191.0,181.0
2021-07-22T00:00:00,0,0,0,0,175.0,22.0,213.0
2021-07-23T00:00:00,0,0,0,0,170.0,179.0,182.0
2021-07-26T00:00:00,0,0,0,0,245.0,65.0,197.0
2021-07-27T00:00:00,0,0,0,0,195.0,144.0,197.0
2021-07-28T00:00:00,0,0,0,0,184.0,40.0,265.0
2021-07-29T00:00:00,0,0,0,0,173.0,159.0,132.0
2021-07-30T00:00:00,0,0,0,0,138.0,94.0,239.0
2021-08-02T00:00:00,0,0,0,1,161.0,101.0,386.0
2021-08-03T00:00:00,0,0,1,1,123.0,69.0,407.0
2021-08-04T00:00:00,0,0,1,0,158.0,152.0,223.0
2021-08-05T00:00:00,0,0,0,0,121.0,90.0,196.0
2021-08-06T00:00:00,0,0,0,0,177.0,105.0,108.0
2021-08-09T00:00:00,0,0,0,0,116.0,44.0,151.0
2021-08-10T00:00:00,0,0,0,0,96.0,28.0,192.0
2021-08-11T00:00:00,0,0,0,0,183.0,124.0,143.0
2021-08-12T00:00:00,0,0,0,0,84.0,28.0,153.0
2021-08-13T00:00:00,0,0,0,0,83.0,63.0,138.0
2021-08-16T00:00:00,0,0,0,1,138.0,98.0,392.0
2021-08-17T00:00:00,0,1,1,1,180.0,263.0,314.0
2021-08-18T00:00:00,0,0,0,1,166.0,123.0,411.0
2021-08-19T00:00:00,1,1,1,1,392.0,280.0,319.0
2021-08-20T00:00:00,1,0,0,1,304.0,12.0,325.0
2021-08-23T00:00:00,0,1,0,0,130.0,186.0,140.0
2021-08-24T00:00:00,0,0,0,0,111.0,66.0,88.0
2021-08-25T00:00:00,0,0,0,0,84.0,1.0,217.0
2021-08-26T00:00:00,0,0,0,1,125.0,39.0,293.0
2021-08-27T00:00:00,0,0,0,0,103.0,53.0,219.0
2021-08-30T00:00:00,0,0,0,0,45.0,34.0,134.0
2021-08-31T00:00:00,0,0,0,0,195.0,33.0,166.0
2021-09-01T00:00:00,0,0,0,0,149.0,32.0,109.0
2021-09-02T00:00:00,0,0,0,0,180.0,124.0,127.0
2021-09-03T00:00:00,1,0,0,0,212.0,125.0,160.0
2021-09-06T00:00:00,0,0,0,0,112.0,86.0,60.0
2021-09-07T00:00:00,0,0,0,1,119.0,134.0,275.0
2021-09-08T00:00:00,1,0,0,1,248.0,63.0,258.0
2021-09-09T00:00:00,1,0,0,1,250.0,18.0,362.0
2021-09-10T00:00:00,0,1,1,1,130.0,189.0,514.0
2021-09-13T00:00:00,1,1,1,1,264.0,222.0,249.0
2021-09-14T00:00:00,1,0,0,1,234.0,1.0,498.0
2021-09-15T00:00:00,0,0,1,1,180.0,6.0,369.0
2021-09-16T00:00:00,0,0,1,1,128.0,1.0,412.0
2021-09-17T00:00:00,0,0,1,1,196.0,69.0,266.0
2021-09-20T00:00:00,1,1,0,1,415.0,551.0,617.0
2021-09-21T00:00:00,1,1,1,1,253.0,203.0,405.0
2021-09-22T00:00:00,0,1,1,1,217.0,205.0,393.0
2021-09-23T00:00:00,0,1,1,1,224.0,233.0,412.0
2021-09-24T00:00:00,0,0,1,0,205.0,106.0,213.0
2021-09-27T00:00:00,1,0,0,0,256.0,37.0,238.0
2021-09-28T00:00:00,1,0,0,1,318.0,128.0,544.0
2021-09-29T00:00:00,0,0,1,1,206.0,93.0,283.0
2021-09-30T00:00:00,0,0,0,1,231.0,121.0,736.0
2021-10-01T00:00:00,1,0,1,1,535.0,174.0,712.0
2021-10-04T00:00:00,1,0,1,1,262.0,52.0,599.0
2021-10-05T00:00:00,1,0,1,1,269.0,108.0,448.0
2021-10-06T00:00:00,1,1,1,1,351.0,271.0,584.0
2021-10-07T00:00:00,0,1,1,1,254.0,269.0,304.0
2021-10-08T00:00:00,0,0,0,0,197.0,27.0,188.0
2021-10-11T00:00:00,0,0,0,1,179.0,12.0,465.0
2021-10-12T00:00:00,1,0,1,1,347.0,52.0,294.0
2021-10-13T00:00:00,0,0,0,1,203.0,16.0,343.0
2021-10-14T00:00:00,1,1,0,0,258.0,339.0,261.0
2021-10-15T00:00:00,0,1,0,0,190.0,264.0,222.0
2021-10-18T00:00:00,0,0,0,1,219.0,154.0,287.0
2021-10-19T00:00:00,0,0,0,0,237.0,120.0,170.0
2021-10-20T00:00:00,0,0,0,0,94.0,5.0,224.0
2021-10-21T00:00:00,0,0,0,0,89.0,62.0,175.0
2021-10-22T00:00:00,0,0,0,0,115.0,4.0,234.0
2021-10-25T00:00:00,0,0,0,0,84.0,57.0,160.0
2021-10-26T00:00:00,0,0,0,0,127.0,102.0,160.0
2021-10-27T00:00:00,0,0,0,1,130.0,58.0,331.0
2021-10-28T00:00:00,0,0,0,0,102.0,75.0,164.0
2021-10-29T00:00:00,0,0,0,0,117.0,66.0,220.0
2021-11-01T00:00:00,0,0,0,0,152.0,125.0,209.0
2021-11-02T00:00:00,0,0,0,0,156.0,27.0,209.0
2021-11-03T00:00:00,0,0,0,1,99.0,62.0,340.0
2021-11-04T00:00:00,0,0,0,0,69.0,26.0,181.0
2021-11-05T00:00:00,0,0,0,1,233.0,159.0,307.0
2021-11-08T00:00:00,0,0,0,0,226.0,178.0,231.0
2021-11-09T00:00:00,0,0,0,0,114.0,20.0,247.0
2021-11-10T00:00:00,0,0,0,1,137.0,75.0,345.0
2021-11-11T00:00:00,0,0,0,0,111.0,11.0,185.0
2021-11-12T00:00:00,0,0,0,0,125.0,121.0,216.0
2021-11-15T00:00:00,0,0,0,0,211.0,135.0,206.0
2021-11-16T00:00:00,0,0,0,0,153.0,52.0,185.0
2021-11-17T00:00:00,0,0,0,0,114.0,49.0,202.0
2021-11-18T00:00:00,0,0,0,1,97.0,13.0,295.0
2021-11-19T00:00:00,1,0,0,0,444.0,83.0,250.0
2021-11-22T00:00:00,0,0,0,1,167.0,154.0,317.0
2021-11-23T00:00:00,1,0,0,1,256.0,6.0,305.0
2021-11-24T00:00:00,0,1,0,0,227.0,202.0,241.0
2021-11-25T00:00:00,0,0,0,0,143.0,34.0,66.0
2021-11-26T00:00:00,1,1,0,1,518.0,791.0,467.0
2021-11-29T00:00:00,1,1,1,1,293.0,556.0,385.0
2021-11-30T00:00:00,1,1,0,1,687.0,260.0,565.0
2021-12-01T00:00:00,0,1,1,1,245.0,315.0,1006.0
2021-12-02T00:00:00,1,0,1,1,279.0,136.0,682.0
2021-12-03T00:00:00,1,0,1,1,266.0,89.0,547.0
2021-12-06T00:00:00,0,1,1,1,239.0,298.0,522.0
2021-12-07T00:00:00,1,1,1,0,283.0,308.0,290.0
2021-12-08T00:00:00,1,0,0,0,304.0,41.0,245.0
2021-12-09T00:00:00,0,0,0,0,187.0,123.0,282.0
2021-12-10T00:00:00,1,0,0,0,275.0,143.0,268.0
2021-12-13T00:00:00,0,0,0,1,228.0,85.0,338.0
2021-12-14T00:00:00,1,1,0,1,278.0,236.0,347.0
2021-12-15T00:00:00,0,0,0,1,125.0,27.0,556.0
2021-12-16T00:00:00,0,0,1,1,243.0,149.0,423.0
2021-12-17T00:00:00,1,1,0,1,347.0,233.0,434.0
2021-12-20T00:00:00,1,1,0,1,376.0,414.0,308.0
2021-12-21T00:00:00,0,1,0,1,240.0,289.0,352.0
2021-12-22T00:00:00,0,0,0,1,168.0,4.0,342.0
2021-12-23T00:00:00,0,0,0,0,134.0,92.0,240.0
2021-12-27T00:00:00,0,0,0,1,171.0,66.0,326.0
2021-12-28T00:00:00,0,0,0,0,167.0,10.0,227.0
2021-12-29T00:00:00,0,0,0,0,96.0,3.0,189.0
2021-12-30T00:00:00,0,0,0,1,136.0,86.0,320.0
2021-12-31T00:00:00,0,0,0,0,130.0,49.0,186.0
2022-01-03T00:00:00,0,0,0,1,140.0,97.0,352.0
2022-01-04T00:00:00,0,0,1,0,148.0,162.0,201.0
2022-01-05T00:00:00,0,0,0,1,169.0,19.0,552.0
2022-01-06T00:00:00,0,0,1,0,259.0,4.0,269.0
2022-01-07T00:00:00,0,0,0,1,191.0,54.0,276.0
2022-01-10T00:00:00,0,0,0,1,202.0,121.0,483.0
2022-01-11T00:00:00,0,0,1,1,198.0,14.0,509.0
2022-01-12T00:00:00,0,0,1,1,222.0,115.0,292.0
2022-01-13T00:00:00,0,0,0,1,240.0,126.0,467.0
2022-01-14T00:00:00,1,1,1,1,451.0,299.0,342.0
2022-01-17T00:00:00,0,0,0,0,165.0,3.0,62.0
2022-01-18T00:00:00,1,1,0,0,345.0,409.0,280.0
2022-01-19T00:00:00,1,0,0,1,387.0,97.0,537.0
2022-01-20T00:00:00,0,0,1,1,190.0,99.0,828.0
2022-01-21T00:00:00,0,0,1,1,262.0,4.0,676.0
2022-01-24T00:00:00,1,1,1,1,740.0,374.0,1273.0
2022-01-25T00:00:00,1,1,1,1,411.0,334.0,1049.0
2022-01-26T00:00:00,1,1,1,1,473.0,296.0,954.0
2022-01-27T00:00:00,1,1,1,1,771.0,283.0,775.0
2022-01-28T00:00:00,1,0,1,1,646.0,45.0,928.0
2022-01-31T00:00:00,1,0,1,1,398.0,129.0,667.0
2022-02-01T00:00:00,0,0,1,1,248.0,72.0,458.0
2022-02-02T00:00:00,0,0,0,1,168.0,17.0,388.0
2022-02-03T00:00:00,0,0,0,1,168.0,115.0,472.0
2022-02-04T00:00:00,1,0,0,1,523.0,63.0,547.0
2022-02-07T00:00:00,0,0,0,0,238.0,40.0,338.0
2022-02-08T00:00:00,0,0,0,1,202.0,73.0,461.0
2022-02-09T00:00:00,0,0,0,0,231.0,276.0,142.0
2022-02-10T00:00:00,1,0,0,1,406.0,284.0,704.0
2022-02-11T00:00:00,0,0,1,1,340.0,1.0,818.0
2022-02-14T00:00:00,1,0,1,1,506.0,50.0,439.0
2022-02-15T00:00:00,1,1,0,0,580.0,306.0,244.0
2022-02-16T00:00:00,0,0,0,1,327.0,139.0,402.0
2022-02-17T00:00:00,0,0,0,1,249.0,231.0,486.0
2022-02-18T00:00:00,0,0,0,1,377.0,40.0,456.0
2022-02-21T00:00:00,1,0,0,0,625.0,107.0,271.0
2022-02-22T00:00:00,1,0,0,1,590.0,113.0,671.0
2022-02-23T00:00:00,0,0,1,1,234.0,231.0,747.0
2022-02-24T00:00:00,1,1,1,1,482.0,856.0,1011.0
2022-02-25T00:00:00,1,0,1,1,605.0,130.0,806.0
2022-02-28T00:00:00,0,1,1,1,329.0,467.0,502.0
2022-03-01T00:00:00,1,0,0,1,536.0,189.0,770.0
2022-03-02T00:00:00,0,0,1,1,426.0,201.0,572.0
2022-03-03T00:00:00,0,0,0,1,351.0,157.0,546.0
2022-03-04T00:00:00,0,1,0,0,391.0,361.0,410.0
2022-03-07T00:00:00,1,0,0,1,619.0,122.0,695.0
2022-03-08T00:00:00,1,0,1,1,719.0,8.0,833.0
2022-03-09T00:00:00,1,1,1,0,654.0,658.0,352.0
2022-03-10T00:00:00,0,1,0,0,404.0,414.0,424.0
2022-03-11T00:00:00,1,0,0,1,678.0,183.0,611.0
2022-03-14T00:00:00,0,0,0,1,287.0,161.0,582.0
2022-03-15T00:00:00,0,0,0,1,476.0,87.0,574.0
2022-03-16T00:00:00,0,1,0,1,473.0,288.0,692.0
2022-03-17T00:00:00,0,0,0,1,279.0,169.0,600.0
2022-03-18T00:00:00,0,0,0,1,220.0,124.0,490.0
2022-03-21T00:00:00,0,0,0,0,146.0,67.0,465.0
2022-03-22T00:00:00,0,0,0,0,259.0,164.0,192.0
2022-03-23T00:00:00,0,0,0,0,283.0,210.0,309.0
2022-03-24T00:00:00,0,0,0,0,147.0,109.0,368.0
2022-03-25T00:00:00,0,0,0,0,174.0,54.0,316.0
2022-03-28T00:00:00,0,0,0,0,230.0,77.0,415.0
2022-03-29T00:00:00,0,1,0,0,324.0,326.0,356.0
2022-03-30T00:00:00,0,0,0,0,179.0,82.0,302.0
2022-03-31T00:00:00,0,0,0,0,186.0,112.0,481.0
2022-04-01T00:00:00,0,0,0,0,131.0,127.0,310.0
2022-04-04T00:00:00,0,0,0,0,168.0,44.0,329.0
2022-04-05T00:00:00,0,0,0,1,201.0,141.0,547.0
2022-04-06T00:00:00,0,0,0,0,339.0,285.0,341.0
2022-04-07T00:00:00,0,0,0,1,279.0,118.0,521.0
2022-04-08T00:00:00,0,0,0,0,201.0,25.0,450.0
2022-04-11T00:00:00,0,0,0,0,211.0,201.0,431.0
2022-04-12T00:00:00,0,0,0,1,460.0,106.0,573.0
2022-04-13T00:00:00,0,0,0,0,316.0,58.0,454.0
2022-04-14T00:00:00,0,0,0,0,169.0,107.0,451.0
2022-04-18T00:00:00,0,0,0,0,136.0,50.0,349.0
2022-04-19T00:00:00,0,0,0,1,234.0,19.0,558.0
2022-04-20T00:00:00,0,0,0,0,302.0,189.0,286.0
2022-04-21T00:00:00,0,0,0,1,183.0,224.0,776.0
2022-04-22T00:00:00,0,0,1,1,174.0,152.0,865.0
2022-04-25T00:00:00,0,0,1,1,288.0,189.0,789.0
2022-04-26T00:00:00,0,1,1,1,341.0,262.0,680.0
2022-04-27T00:00:00,0,0,1,1,385.0,160.0,597.0
2022-04-28T00:00:00,0,0,0,1,372.0,213.0,815.0
2022-04-29T00:00:00,0,0,1,1,288.0,155.0,1016.0
2022-05-02T00:00:00,0,0,1,1,283.0,54.0,786.0
2022-05-03T00:00:00,0,0,1,0,340.0,38.0,436.0
2022-05-04T00:00:00,0,0,0,1,184.0,51.0,1108.0
2022-05-05T00:00:00,0,1,1,1,338.0,289.0,1138.0
2022-05-06T00:00:00,0,1,1,1,297.0,256.0,588.0
2022-05-09T00:00:00,0,1,0,0,391.0,408.0,495.0
2022-05-10T00:00:00,0,1,0,1,282.0,385.0,859.0
2022-05-11T00:00:00,1,0,1,1,599.0,2.0,792.0
2022-05-12T00:00:00,0,0,1,1,358.0,200.0,690.0
2022-05-13T00:00:00,0,0,0,0,233.0,240.0,422.0
2022-05-16T00:00:00,0,0,0,1,294.0,61.0,586.0
2022-05-17T00:00:00,1,1,0,0,468.0,407.0,382.0
2022-05-18T00:00:00,0,1,0,1,313.0,284.0,1001.0
2022-05-19T00:00:00,1,1,1,0,560.0,354.0,552.0
2022-05-20T00:00:00,0,0,0,1,249.0,240.0,877.0
2022-05-23T00:00:00,0,1,1,0,270.0,290.0,493.0
2022-05-24T00:00:00,0,0,0,1,223.0,221.0,656.0
2022-05-25T00:00:00,0,0,0,0,352.0,168.0,512.0
2022-05-26T00:00:00,0,0,0,0,329.0,162.0,493.0
2022-05-27T00:00:00,0,0,0,1,218.0,57.0,535.0
2022-05-30T00:00:00,0,0,0,0,229.0,84.0,119.0
2022-05-31T00:00:00,0,1,0,0,331.0,288.0,490.0
2022-06-01T00:00:00,0,0,0,1,191.0,213.0,691.0
2022-06-02T00:00:00,0,0,0,1,233.0,20.0,742.0
2022-06-03T00:00:00,1,1,1,0,365.0,294.0,302.0
2022-06-06T00:00:00,0,0,0,0,203.0,222.0,423.0
2022-06-07T00:00:00,0,1,0,1,229.0,268.0,567.0
2022-06-08T00:00:00,0,0,0,0,172.0,159.0,342.0
2022-06-09T00:00:00,1,0,0,1,350.0,129.0,694.0
2022-06-10T00:00:00,1,1,0,0,592.0,474.0,455.0
2022-06-13T00:00:00,1,1,0,1,435.0,675.0,555.0
2022-06-14T00:00:00,0,0,0,1,345.0,60.0,553.0
2022-06-15T00:00:00,0,0,0,1,295.0,217.0,846.0
2022-06-16T00:00:00,1,1,1,0,768.0,594.0,370.0
2022-06-17T00:00:00,1,0,0,0,391.0,105.0,521.0
2022-06-20T00:00:00,0,0,0,0,245.0,170.0,193.0
2022-06-21T00:00:00,0,0,0,0,205.0,155.0,392.0
2022-06-22T00:00:00,0,1,0,1,289.0,381.0,643.0
2022-06-23T00:00:00,1,0,0,0,419.0,103.0,436.0
2022-06-24T00:00:00,0,0,0,1,182.0,260.0,605.0
2022-06-27T00:00:00,0,0,0,0,244.0,35.0,253.0
2022-06-28T00:00:00,0,0,0,1,295.0,162.0,951.0
2022-06-29T00:00:00,0,0,1,0,215.0,99.0,273.0
2022-06-30T00:00:00,0,1,0,1,362.0,343.0,561.0
2022-07-01T00:00:00,0,0,0,1,347.0,59.0,663.0
2022-07-04T00:00:00,0,0,0,0,217.0,27.0,130.0
2022-07-05T00:00:00,1,1,0,1,581.0,338.0,624.0
2022-07-06T00:00:00,0,0,0,0,284.0,21.0,437.0
2022-07-07T00:00:00,0,0,0,0,216.0,213.0,277.0
2022-07-08T00:00:00,0,0,0,0,251.0,36.0,304.0
2022-07-11T00:00:00,0,0,0,0,180.0,183.0,260.0
2022-07-12T00:00:00,0,0,0,0,180.0,127.0,499.0
2022-07-13T00:00:00,1,1,0,0,766.0,388.0,491.0
2022-07-14T00:00:00,1,1,0,0,542.0,519.0,546.0
2022-07-15T00:00:00,1,1,0,0,583.0,451.0,368.0
2022-07-18T00:00:00,0,0,0,1,293.0,308.0,670.0
2022-07-19T00:00:00,0,0,0,1,288.0,239.0,571.0
2022-07-20T00:00:00,0,0,0,0,296.0,25.0,299.0
2022-07-21T00:00:00,0,0,0,0,242.0,123.0,515.0
2022-07-22T00:00:00,0,0,0,0,248.0,140.0,490.0
2022-07-25T00:00:00,0,0,0,0,281.0,95.0,215.0
2022-07-26T00:00:00,0,0,0,0,106.0,109.0,248.0
2022-07-27T00:00:00,0,0,0,1,100.0,126.0,544.0
2022-07-28T00:00:00,0,0,0,1,183.0,40.0,634.0
2022-07-29T00:00:00,0,0,0,0,162.0,30.0,432.0
2022-08-01T00:00:00,0,0,0,0,228.0,168.0,336.0
2022-08-02T00:00:00,0,0,0,0,164.0,103.0,387.0
2022-08-03T00:00:00,0,0,0,0,157.0,163.0,410.0
2022-08-04T00:00:00,0,0,0,0,181.0,56.0,182.0
2022-08-05T00:00:00,0,0,0,0,350.0,228.0,329.0
2022-08-08T00:00:00,0,0,0,0,253.0,182.0,347.0
2022-08-09T00:00:00,0,0,0,0,152.0,17.0,184.0
2022-08-10T00:00:00,1,1,0,0,537.0,467.0,189.0
2022-08-11T00:00:00,0,0,0,0,239.0,254.0,373.0
2022-08-12T00:00:00,0,0,0,0,161.0,97.0,371.0
2022-08-15T00:00:00,0,0,0,0,177.0,168.0,382.0
2022-08-16T00:00:00,0,0,0,0,116.0,60.0,435.0
2022-08-17T00:00:00,0,0,0,0,311.0,213.0,339.0
2022-08-18T00:00:00,0,0,0,0,201.0,14.0,208.0
2022-08-19T00:00:00,0,0,0,0,260.0,168.0,245.0
2022-08-22T00:00:00,0,1,0,0,296.0,398.0,342.0
2022-08-23T00:00:00,0,0,0,0,273.0,54.0,285.0
2022-08-24T00:00:00,0,0,0,0,201.0,27.0,266.0
2022-08-25T00:00:00,0,0,0,1,277.0,10.0,416.0
2022-08-26T00:00:00,0,0,0,1,289.0,36.0,1092.0
2022-08-29T00:00:00,0,0,1,0,191.0,244.0,359.0
2022-08-30T00:00:00,0,0,0,1,224.0,87.0,567.0
2022-08-31T00:00:00,0,0,1,1,312.0,40.0,457.0
2022-09-01T00:00:00,0,0,0,1,152.0,147.0,454.0
2022-09-02T00:00:00,1,0,0,1,395.0,268.0,848.0
2022-09-05T00:00:00,0,0,1,0,137.0,97.0,72.0
2022-09-06T00:00:00,0,0,0,1,206.0,27.0,430.0
2022-09-07T00:00:00,0,0,0,1,219.0,59.0,557.0
2022-09-08T00:00:00,0,0,0,1,286.0,175.0,478.0
2022-09-09T00:00:00,0,0,0,0,241.0,178.0,348.0
2022-09-12T00:00:00,0,0,0,0,213.0,110.0,252.0
2022-09-13T00:00:00,1,1,0,1,913.0,477.0,878.0
2022-09-14T00:00:00,0,0,1,1,248.0,61.0,404.0
2022-09-15T00:00:00,0,0,0,1,176.0,61.0,411.0
2022-09-16T00:00:00,0,1,0,0,269.0,362.0,328.0
2022-09-19T00:00:00,1,1,0,1,311.0,276.0,497.0
2022-09-20T00:00:00,1,1,0,0,395.0,265.0,348.0
2022-09-21T00:00:00,0,0,0,1,310.0,152.0,854.0
2022-09-22T00:00:00,1,0,1,0,378.0,26.0,304.0
2022-09-23T00:00:00,1,1,0,1,449.0,274.0,571.0
2022-09-26T00:00:00,1,0,1,1,362.0,136.0,475.0
2022-09-27T00:00:00,0,0,0,1,247.0,200.0,713.0
2022-09-28T00:00:00,1,0,1,1,524.0,110.0,712.0
2022-09-29T00:00:00,1,0,1,1,438.0,205.0,504.0
2022-09-30T00:00:00,1,0,0,1,403.0,113.0,647.0
2022-10-03T00:00:00,1,1,1,1,407.0,331.0,697.0
2022-10-04T00:00:00,0,1,1,1,304.0,377.0,478.0
2022-10-05T00:00:00,0,1,0,1,259.0,350.0,578.0
2022-10-06T00:00:00,1,0,1,1,371.0,137.0,476.0
2022-10-07T00:00:00,1,0,0,1,485.0,251.0,550.0
2022-10-10T00:00:00,0,0,0,1,338.0,138.0,483.0
2022-10-11T00:00:00,0,0,0,1,362.0,86.0,546.0
2022-10-12T00:00:00,0,0,0,0,310.0,13.0,321.0
2022-10-13T00:00:00,1,1,0,1,978.0,510.0,1533.0
2022-10-14T00:00:00,1,0,1,1,534.0,211.0,826.0
2022-10-17T00:00:00,0,1,1,0,318.0,401.0,332.0
2022-10-18T00:00:00,1,1,0,1,433.0,625.0,544.0
2022-10-19T00:00:00,0,0,0,1,381.0,113.0,445.0
2022-10-20T00:00:00,0,0,0,1,331.0,40.0,570.0
2022-10-21T00:00:00,0,0,0,1,341.0,12.0,934.0
2022-10-24T00:00:00,1,0,1,1,526.0,157.0,444.0
2022-10-25T00:00:00,0,0,0,1,256.0,81.0,468.0
2022-10-26T00:00:00,0,0,0,0,156.0,50.0,400.0
2022-10-27T00:00:00,0,1,0,0,362.0,306.0,398.0
2022-10-28T00:00:00,1,0,0,1,408.0,122.0,755.0
2022-10-31T00:00:00,0,0,1,0,209.0,174.0,297.0
2022-11-01T00:00:00,0,0,0,1,168.0,189.0,503.0
2022-11-02T00:00:00,0,0,0,1,213.0,98.0,950.0
2022-11-03T00:00:00,0,0,1,1,368.0,211.0,467.0
2022-11-04T00:00:00,1,1,0,1,518.0,364.0,686.0
2022-11-07T00:00:00,0,0,1,1,372.0,86.0,477.0
2022-11-08T00:00:00,0,0,0,1,216.0,109.0,532.0
2022-11-09T00:00:00,0,0,0,1,272.0,211.0,600.0
2022-11-10T00:00:00,1,1,0,1,924.0,883.0,567.0
2022-11-11T00:00:00,0,0,0,0,219.0,103.0,430.0
2022-11-14T00:00:00,0,0,0,0,129.0,107.0,433.0
2022-11-15T00:00:00,0,0,0,1,399.0,263.0,676.0
2022-11-16T00:00:00,0,0,0,0,248.0,62.0,172.0
2022-11-17T00:00:00,1,1,0,0,542.0,342.0,405.0
2022-11-18T00:00:00,0,0,0,0,362.0,200.0,293.0
2022-11-21T00:00:00,0,0,0,0,172.0,22.0,314.0
2022-11-22T00:00:00,0,0,0,0,260.0,174.0,276.0
2022-11-23T00:00:00,0,0,0,0,145.0,33.0,263.0
2022-11-24T00:00:00,0,0,0,0,79.0,53.0,41.0
2022-11-25T00:00:00,0,0,0,0,93.0,43.0,194.0
2022-11-28T00:00:00,0,0,0,1,172.0,211.0,508.0
2022-11-29T00:00:00,0,0,0,0,201.0,64.0,278.0
2022-11-30T00:00:00,0,0,0,1,155.0,15.0,992.0
2022-12-01T00:00:00,0,0,1,1,204.0,53.0,514.0
2022-12-02T00:00:00,1,1,0,0,502.0,350.0,458.0
2022-12-05T00:00:00,0,0,0,0,246.0,236.0,435.0
2022-12-06T00:00:00,0,0,0,1,164.0,24.0,593.0
2022-12-07T00:00:00,0,0,0,0,232.0,33.0,285.0
2022-12-08T00:00:00,0,0,0,0,236.0,115.0,265.0
2022-12-09T00:00:00,0,0,0,0,411.0,94.0,386.0
2022-12-12T00:00:00,0,0,0,0,157.0,65.0,462.0
2022-12-13T00:00:00,1,1,0,1,964.0,1016.0,886.0
2022-12-14T00:00:00,0,0,1,1,181.0,3.0,714.0
2022-12-15T00:00:00,1,1,1,1,485.0,376.0,679.0
2022-12-16T00:00:00,1,0,1,0,488.0,283.0,415.0
2022-12-19T00:00:00,0,0,0,0,178.0,3.0,472.0
2022-12-20T00:00:00,0,0,0,0,362.0,19.0,348.0
2022-12-21T00:00:00,0,1,0,0,287.0,319.0,322.0
2022-12-22T00:00:00,0,0,0,1,322.0,220.0,629.0
2022-12-23T00:00:00,0,0,0,0,280.0,63.0,423.0
2022-12-27T00:00:00,0,0,0,0,204.0,27.0,333.0
2022-12-28T00:00:00,0,0,0,1,117.0,24.0,534.0
2022-12-29T00:00:00,0,0,0,0,240.0,176.0,284.0
2022-12-30T00:00:00,0,0,0,0,153.0,149.0,308.0
2023-01-03T00:00:00,0,0,0,1,327.0,105.0,560.0
2023-01-04T00:00:00,0,0,0,0,166.0,144.0,392.0
2023-01-05T00:00:00,0,0,0,0,286.0,170.0,312.0
2023-01-06T00:00:00,1,1,0,1,427.0,294.0,730.0
2023-01-09T00:00:00,0,0,1,0,161.0,138.0,449.0
2023-01-10T00:00:00,0,0,0,0,167.0,33.0,321.0
2023-01-11T00:00:00,0,0,0,0,160.0,119.0,275.0
2023-01-12T00:00:00,1,0,0,1,468.0,87.0,513.0
2023-01-13T00:00:00,0,1,0,1,354.0,294.0,451.0
2023-01-16T00:00:00,0,0,0,0,154.0,1.0,75.0
2023-01-17T00:00:00,0,0,0,0,108.0,42.0,415.0
2023-01-18T00:00:00,0,0,0,1,144.0,33.0,754.0
2023-01-19T00:00:00,0,0,1,0,291.0,208.0,251.0
2023-01-20T00:00:00,0,0,0,1,169.0,32.0,450.0
2023-01-23T00:00:00,0,0,0,1,146.0,104.0,478.0
2023-01-24T00:00:00,0,0,0,0,213.0,126.0,404.0
2023-01-25T00:00:00,0,1,0,1,275.0,288.0,514.0
2023-01-26T00:00:00,0,0,0,0,168.0,95.0,333.0
2023-01-27T00:00:00,0,0,0,0,110.0,9.0,342.0
2023-01-30T00:00:00,0,0,0,0,184.0,118.0,361.0
2023-01-31T00:00:00,0,0,0,1,309.0,45.0,443.0
2023-02-01T00:00:00,0,0,0,1,148.0,183.0,781.0
2023-02-02T00:00:00,0,0,1,0,233.0,22.0,342.0
2023-02-03T00:00:00,0,0,0,0,299.0,174.0,377.0
2023-02-06T00:00:00,0,0,0,0,200.0,135.0,292.0
2023-02-07T00:00:00,0,0,0,1,241.0,192.0,620.0
2023-02-08T00:00:00,0,0,1,0,166.0,125.0,269.0
2023-02-09T00:00:00,0,1,0,1,233.0,237.0,659.0
2023-02-10T00:00:00,0,0,1,0,240.0,44.0,314.0
2023-02-13T00:00:00,0,0,0,0,179.0,13.0,371.0
2023-02-14T00:00:00,1,0,0,1,400.0,109.0,523.0
2023-02-15T00:00:00,0,0,0,0,187.0,180.0,310.0
2023-02-16T00:00:00,1,1,0,0,407.0,335.0,362.0
2023-02-17T00:00:00,0,0,0,0,152.0,125.0,342.0
2023-02-20T00:00:00,0,0,0,0,106.0,56.0,79.0
2023-02-21T00:00:00,0,1,0,1,262.0,277.0,489.0
2023-02-22T00:00:00,0,0,0,0,164.0,35.0,301.0
2023-02-23T00:00:00,0,0,0,1,119.0,123.0,478.0
2023-02-24T00:00:00,1,1,0,0,394.0,398.0,270.0
2023-02-27T00:00:00,0,1,0,0,289.0,254.0,381.0
2023-02-28T00:00:00,0,0,0,0,226.0,22.0,241.0
2023-03-01T00:00:00,0,0,0,0,195.0,50.0,258.0
2023-03-02T00:00:00,0,0,0,1,170.0,45.0,430.0
2023-03-03T00:00:00,0,0,0,1,224.0,108.0,411.0
2023-03-06T00:00:00,0,0,0,0,124.0,30.0,195.0
2023-03-07T00:00:00,0,0,0,1,87.0,2.0,629.0
2023-03-08T00:00:00,0,0,1,0,132.0,5.0,297.0
2023-03-09T00:00:00,0,0,0,1,192.0,108.0,812.0
2023-03-10T00:00:00,1,0,1,1,361.0,69.0,644.0
2023-03-13T00:00:00,1,1,1,1,849.0,302.0,646.0
2023-03-14T00:00:00,1,1,1,1,374.0,564.0,513.0
2023-03-15T00:00:00,1,1,0,1,737.0,566.0,493.0
2023-03-16T00:00:00,1,0,0,1,351.0,211.0,739.0
2023-03-17T00:00:00,1,0,1,1,425.0,191.0,403.0
2023-03-20T00:00:00,1,0,0,0,575.0,87.0,351.0
2023-03-21T00:00:00,0,1,0,0,331.0,315.0,257.0
2023-03-22T00:00:00,0,0,0,1,193.0,5.0,764.0
2023-03-23T00:00:00,0,0,1,1,224.0,108.0,667.0
2023-03-24T00:00:00,1,0,1,1,521.0,138.0,465.0
2023-03-27T00:00:00,0,1,0,0,267.0,227.0,233.0
2023-03-28T00:00:00,0,0,0,0,209.0,39.0,264.0
2023-03-29T00:00:00,0,1,0,0,180.0,283.0,196.0
2023-03-30T00:00:00,0,0,0,0,240.0,174.0,222.0
2023-03-31T00:00:00,0,0,0,0,194.0,107.0,339.0
2023-04-03T00:00:00,0,0,0,0,157.0,95.0,276.0
2023-04-04T00:00:00,0,0,0,0,140.0,0.0,372.0
2023-04-05T00:00:00,0,0,0,0,108.0,8.0,180.0
2023-04-06T00:00:00,0,0,0,0,138.0,55.0,212.0
2023-07-04T00:00:00,0,0,0,0,66.0,42.0,29.0
2023-07-05T00:00:00,0,1,0,0,165.0,132.0,152.0
2023-07-06T00:00:00,1,1,0,1,200.0,276.0,328.0
2023-07-07T00:00:00,0,1,0,1,162.0,136.0,326.0
2023-07-10T00:00:00,1,0,0,0,193.0,15.0,251.0
2023-07-11T00:00:00,1,0,0,1,215.0,110.0,308.0
2023-07-12T00:00:00,1,1,0,1,273.0,230.0,278.0
2023-07-13T00:00:00,0,0,0,0,79.0,50.0,126.0
2023-07-14T00:00:00,1,1,0,0,292.0,165.0,147.0
2023-07-17T00:00:00,0,0,0,0,92.0,68.0,258.0
2023-07-18T00:00:00,0,0,0,1,88.0,28.0,481.0
2023-07-19T00:00:00,0,0,1,0,119.0,73.0,206.0
2023-07-20T00:00:00,0,0,0,0,110.0,58.0,258.0
2023-07-21T00:00:00,0,0,0,0,129.0,60.0,168.0
2023-07-24T00:00:00,0,0,0,0,114.0,53.0,206.0
2023-07-25T00:00:00,0,0,0,0,78.0,32.0,166.0
2023-07-26T00:00:00,0,0,0,1,132.0,128.0,325.0
2023-07-27T00:00:00,0,0,0,1,175.0,43.0,443.0
2023-07-28T00:00:00,1,1,1,0,238.0,171.0,220.0
2023-07-31T00:00:00,0,0,0,0,151.0,11.0,151.0
2023-08-01T00:00:00,0,0,0,0,130.0,38.0,163.0
2023-08-02T00:00:00,1,1,0,1,217.0,173.0,317.0
2023-08-03T00:00:00,1,0,0,0,228.0,125.0,235.0
2023-08-04T00:00:00,0,0,0,1,186.0,107.0,483.0
2023-08-07T00:00:00,0,1,1,1,137.0,134.0,303.0
2023-08-08T00:00:00,1,1,0,1,243.0,224.0,347.0
2023-08-09T00:00:00,0,0,1,1,139.0,21.0,317.0
2023-08-10T00:00:00,1,1,0,1,208.0,172.0,482.0
2023-08-11T00:00:00,0,0,1,1,180.0,82.0,316.0
2023-08-14T00:00:00,1,0,0,0,202.0,36.0,176.0
2023-08-15T00:00:00,1,1,0,1,347.0,163.0,290.0
2023-08-16T00:00:00,0,0,0,1,165.0,43.0,382.0
2023-08-17T00:00:00,0,0,1,1,121.0,87.0,452.0
2023-08-18T00:00:00,1,1,1,1,260.0,155.0,330.0
2023-08-21T00:00:00,0,0,0,1,186.0,18.0,328.0
2023-08-22T00:00:00,0,0,0,1,173.0,4.0,268.0
2023-08-23T00:00:00,0,0,0,0,159.0,48.0,221.0
2023-08-24T00:00:00,0,0,0,1,168.0,71.0,609.0
2023-08-25T00:00:00,0,0,1,1,156.0,141.0,421.0
2023-08-28T00:00:00,0,1,1,0,142.0,163.0,220.0
2023-08-29T00:00:00,0,0,0,1,148.0,12.0,337.0
2023-08-30T00:00:00,0,0,1,0,123.0,45.0,223.0
2023-08-31T00:00:00,0,0,0,1,154.0,126.0,354.0
2023-09-01T00:00:00,0,1,1,1,175.0,192.0,266.0
2023-09-04T00:00:00,0,0,0,0,95.0,28.0,136.0
2023-09-05T00:00:00,0,0,0,0,164.0,75.0,236.0
2023-09-06T00:00:00,0,0,0,1,116.0,60.0,309.0
2023-09-07T00:00:00,0,0,0,0,163.0,68.0,192.0
2023-09-08T00:00:00,0,0,0,0,184.0,5.0,158.0
2023-09-11T00:00:00,0,0,0,0,142.0,140.0,213.0
2023-09-12T00:00:00,0,1,0,1,128.0,242.0,302.0
2023-09-13T00:00:00,0,0,0,1,140.0,30.0,277.0
2023-09-14T00:00:00,1,1,0,1,239.0,199.0,299.0
2023-09-15T00:00:00,1,0,0,1,259.0,95.0,340.0
2023-09-18T00:00:00,0,0,1,0,110.0,14.0,190.0
2023-09-19T00:00:00,0,0,0,1,160.0,72.0,292.0
2023-09-20T00:00:00,0,0,0,1,183.0,96.0,356.0
2023-09-21T00:00:00,1,0,1,1,210.0,130.0,325.0
2023-09-22T00:00:00,0,0,0,0,102.0,2.0,210.0
2023-09-25T00:00:00,1,0,0,0,270.0,96.0,243.0
2023-09-26T00:00:00,0,1,0,1,151.0,223.0,328.0
2023-09-27T00:00:00,0,0,0,1,99.0,70.0,428.0
2023-09-28T00:00:00,0,0,1,1,190.0,30.0,315.0
2023-09-29T00:00:00,1,1,0,1,225.0,217.0,498.0
2023-10-02T00:00:00,1,0,1,1,317.0,77.0,299.0
2023-10-03T00:00:00,1,0,0,1,255.0,137.0,495.0
2023-10-04T00:00:00,1,0,1,0,279.0,2.0,288.0
2023-10-05T00:00:00,0,0,0,0,173.0,37.0,240.0
2023-10-06T00:00:00,1,0,0,1,370.0,86.0,725.0
2023-10-09T00:00:00,0,0,1,1,199.0,126.0,388.0
2023-10-10T00:00:00,0,0,1,1,148.0,103.0,302.0
2023-10-11T00:00:00,0,0,0,0,176.0,68.0,272.0
2023-10-12T00:00:00,0,0,0,1,141.0,55.0,424.0
2023-10-13T00:00:00,0,0,1,1,196.0,111.0,416.0
2023-10-16T00:00:00,1,1,1,0,237.0,198.0,257.0
2023-10-17T00:00:00,0,0,0,1,179.0,155.0,322.0
2023-10-18T00:00:00,0,0,0,1,137.0,29.0,406.0
2023-10-19T00:00:00,0,0,1,1,168.0,12.0,494.0
2023-10-20T00:00:00,0,0,1,1,156.0,56.0,311.0
2023-10-23T00:00:00,1,0,0,1,294.0,133.0,351.0
2023-10-24T00:00:00,0,1,0,0,173.0,163.0,290.0
2023-10-25T00:00:00,0,0,0,0,145.0,78.0,292.0
2023-10-26T00:00:00,0,0,0,1,218.0,35.0,370.0
2023-10-27T00:00:00,0,0,0,1,224.0,2.0,479.0
2023-10-30T00:00:00,0,1,1,1,182.0,219.0,368.0
2023-10-31T00:00:00,1,0,0,0,286.0,18.0,289.0
2023-11-01T00:00:00,0,0,0,1,216.0,40.0,331.0
2023-11-02T00:00:00,1,1,0,1,248.0,190.0,415.0
2023-11-03T00:00:00,1,1,1,0,242.0,166.0,224.0
2023-11-06T00:00:00,0,0,0,0,66.0,19.0,179.0
2023-11-07T00:00:00,0,0,0,0,105.0,30.0,180.0
2023-11-08T00:00:00,0,0,0,0,117.0,52.0,262.0
2023-11-09T00:00:00,0,0,0,1,141.0,73.0,329.0
2023-11-10T00:00:00,0,1,0,1,173.0,163.0,408.0
2023-11-13T00:00:00,0,0,1,0,149.0,67.0,209.0
2023-11-14T00:00:00,1,1,0,0,441.0,380.0,289.0
2023-11-15T00:00:00,0,0,0,0,133.0,66.0,181.0
2023-11-16T00:00:00,0,0,0,0,130.0,82.0,203.0
2023-11-17T00:00:00,0,0,0,0,153.0,38.0,155.0
2023-11-20T00:00:00,0,0,0,1,94.0,37.0,329.0
2023-11-21T00:00:00,0,0,0,0,98.0,50.0,111.0
2023-11-22T00:00:00,0,0,0,0,108.0,86.0,168.0
2023-11-23T00:00:00,0,0,0,0,68.0,37.0,65.0
2023-11-24T00:00:00,0,0,0,0,95.0,6.0,97.0
2023-11-27T00:00:00,0,0,0,0,86.0,35.0,139.0
2023-11-28T00:00:00,0,0,0,0,86.0,16.0,207.0
2023-11-29T00:00:00,0,0,0,0,109.0,80.0,179.0
2023-11-30T00:00:00,0,1,0,1,184.0,184.0,375.0
2023-12-01T00:00:00,0,0,1,1,139.0,13.0,351.0
2023-12-04T00:00:00,0,1,0,0,215.0,195.0,197.0
2023-12-05T00:00:00,0,0,0,0,127.0,87.0,158.0
2023-12-06T00:00:00,0,0,0,0,108.0,78.0,275.0
2023-12-07T00:00:00,0,0,0,0,148.0,54.0,146.0
2023-12-08T00:00:00,0,0,0,0,194.0,17.0,229.0
2023-12-11T00:00:00,0,0,0,0,61.0,23.0,196.0
2023-12-12T00:00:00,0,1,0,0,187.0,428.0,236.0
2023-12-13T00:00:00,0,0,0,1,83.0,7.0,575.0
2023-12-14T00:00:00,0,0,1,0,173.0,87.0,246.0
2023-12-15T00:00:00,1,0,0,0,230.0,93.0,207.0
2023-12-18T00:00:00,0,0,0,0,80.0,67.0,117.0
2023-12-19T00:00:00,0,0,0,0,104.0,22.0,250.0
2023-12-20T00:00:00,0,0,0,1,123.0,94.0,581.0
2023-12-21T00:00:00,0,1,1,1,203.0,189.0,302.0
2023-12-22T00:00:00,0,0,0,0,131.0,40.0,277.0
2023-12-26T00:00:00,0,0,0,0,96.0,30.0,259.0
2023-12-27T00:00:00,0,0,0,0,66.0,38.0,207.0
2023-12-28T00:00:00,0,0,0,0,103.0,55.0,135.0
2023-12-29T00:00:00,0,0,0,0,88.0,27.0,213.0
2024-01-02T00:00:00,1,1,0,1,354.0,217.0,288.0
2024-01-03T00:00:00,0,0,0,0,173.0,152.0,227.0
2024-01-04T00:00:00,0,0,0,1,99.0,40.0,285.0
2024-01-05T00:00:00,1,0,0,1,236.0,24.0,310.0
2024-01-08T00:00:00,0,0,0,1,157.0,142.0,452.0
2024-01-09T00:00:00,0,1,1,0,194.0,215.0,190.0
2024-01-10T00:00:00,0,0,0,0,92.0,21.0,226.0
2024-01-11T00:00:00,1,0,0,1,222.0,65.0,401.0
2024-01-12T00:00:00,1,0,1,1,355.0,40.0,369.0
2024-01-15T00:00:00,0,0,1,0,135.0,48.0,59.0
2024-01-16T00:00:00,0,0,0,1,171.0,76.0,357.0
2024-01-17T00:00:00,0,1,1,0,156.0,197.0,244.0
2024-01-18T00:00:00,0,0,0,1,159.0,63.0,405.0
2024-01-19T00:00:00,1,0,1,1,288.0,113.0,500.0
2024-01-22T00:00:00,0,0,1,0,114.0,111.0,205.0
2024-01-23T00:00:00,0,0,0,0,104.0,80.0,196.0
2024-01-24T00:00:00,0,0,0,1,151.0,117.0,277.0
2024-01-25T00:00:00,0,0,0,1,183.0,85.0,269.0
2024-01-26T00:00:00,0,0,0,0,175.0,62.0,227.0
2024-01-29T00:00:00,0,0,0,1,73.0,8.0,295.0
2024-01-30T00:00:00,0,0,0,1,68.0,61.0,250.0
2024-01-31T00:00:00,0,0,0,1,122.0,59.0,452.0
2024-02-01T00:00:00,0,0,1,1,120.0,17.0,420.0
2024-02-02T00:00:00,1,1,1,1,244.0,119.0,457.0
2024-02-05T00:00:00,0,0,1,1,174.0,51.0,395.0
2024-02-06T00:00:00,0,0,1,0,129.0,25.0,190.0
2024-02-07T00:00:00,1,1,0,0,197.0,123.0,185.0
2024-02-08T00:00:00,0,0,0,0,120.0,56.0,221.0
2024-02-09T00:00:00,1,0,0,0,200.0,32.0,176.0
2024-02-12T00:00:00,0,0,0,1,71.0,35.0,302.0
2024-02-13T00:00:00,1,1,0,1,435.0,319.0,484.0
2024-02-14T00:00:00,0,0,1,1,171.0,112.0,250.0
2024-02-15T00:00:00,0,0,0,1,113.0,62.0,352.0
2024-02-16T00:00:00,0,0,0,1,152.0,58.0,259.0
2024-02-19T00:00:00,0,0,0,0,68.0,28.0,54.0
2024-02-20T00:00:00,0,0,0,0,130.0,89.0,206.0
2024-02-21T00:00:00,0,0,0,1,101.0,84.0,288.0
2024-02-22T00:00:00,1,1,0,1,201.0,222.0,371.0
2024-02-23T00:00:00,0,0,1,0,151.0,115.0,198.0
2024-02-26T00:00:00,0,0,0,0,113.0,7.0,222.0
2024-02-27T00:00:00,0,0,0,0,86.0,38.0,174.0
2024-02-28T00:00:00,0,1,0,0,174.0,183.0,212.0
2024-02-29T00:00:00,1,0,0,1,274.0,88.0,271.0
2024-03-01T00:00:00,0,0,0,1,165.0,5.0,282.0
2024-03-04T00:00:00,0,1,0,0,184.0,202.0,191.0
2024-03-05T00:00:00,0,1,0,1,131.0,130.0,442.0
2024-03-06T00:00:00,1,1,1,1,239.0,227.0,302.0
2024-03-07T00:00:00,1,1,0,0,340.0,171.0,194.0
2024-03-08T00:00:00,1,0,0,1,246.0,27.0,278.0
2024-03-11T00:00:00,0,0,0,1,165.0,111.0,327.0
2024-03-12T00:00:00,1,1,0,1,285.0,511.0,383.0
2024-03-13T00:00:00,0,0,1,1,114.0,83.0,279.0
2024-03-14T00:00:00,0,0,0,1,163.0,72.0,486.0
2024-03-15T00:00:00,1,1,1,1,217.0,147.0,317.0
2024-03-18T00:00:00,0,0,0,0,194.0,126.0,143.0
2024-03-19T00:00:00,0,0,0,1,145.0,32.0,367.0
2024-03-20T00:00:00,0,0,0,1,107.0,89.0,546.0
2024-03-21T00:00:00,0,0,1,1,99.0,115.0,307.0
2024-03-22T00:00:00,0,0,0,1,118.0,0.0,379.0
2024-03-25T00:00:00,0,0,0,0,99.0,60.0,140.0
2024-03-26T00:00:00,0,0,0,0,108.0,70.0,165.0
2024-03-27T00:00:00,0,1,0,1,105.0,184.0,330.0
2024-03-28T00:00:00,0,0,0,0,123.0,44.0,142.0
2024-04-01T00:00:00,1,0,0,1,213.0,0.0,346.0
2024-04-02T00:00:00,1,1,0,0,279.0,336.0,197.0
2024-04-03T00:00:00,0,0,0,1,121.0,2.0,289.0
2024-04-04T00:00:00,1,1,0,1,226.0,258.0,884.0
2024-04-05T00:00:00,0,0,1,1,180.0,24.0,451.0
2024-04-08T00:00:00,0,0,1,0,182.0,9.0,165.0
2024-04-09T00:00:00,0,0,0,1,131.0,50.0,435.0
2024-04-10T00:00:00,1,1,1,1,675.0,410.0,299.0
2024-04-11T00:00:00,1,0,0,1,301.0,77.0,408.0
2024-04-12T00:00:00,1,1,1,1,446.0,226.0,423.0
2024-04-15T00:00:00,1,1,1,1,299.0,341.0,727.0
2024-04-16T00:00:00,1,1,1,1,399.0,231.0,295.0
2024-04-17T00:00:00,1,0,0,1,266.0,118.0,416.0
2024-04-18T00:00:00,0,0,1,1,166.0,147.0,420.0
2024-04-19T00:00:00,1,0,1,1,418.0,90.0,322.0
2024-04-22T00:00:00,0,1,0,1,177.0,190.0,473.0
2024-04-23T00:00:00,0,0,1,0,160.0,124.0,274.0
2024-04-24T00:00:00,0,0,0,0,150.0,28.0,250.0
2024-04-25T00:00:00,1,1,0,1,488.0,490.0,412.0
2024-04-26T00:00:00,0,0,0,0,225.0,21.0,291.0
2024-04-29T00:00:00,0,0,0,0,104.0,69.0,201.0
2024-04-30T00:00:00,0,0,0,1,202.0,138.0,474.0
2024-05-01T00:00:00,0,0,1,1,159.0,11.0,567.0
2024-05-02T00:00:00,0,1,1,1,150.0,209.0,416.0
2024-05-03T00:00:00,1,1,0,0,347.0,486.0,295.0
2024-05-06T00:00:00,0,0,0,0,149.0,156.0,195.0
2024-05-07T00:00:00,0,0,0,0,93.0,64.0,152.0
2024-05-08T00:00:00,0,0,0,0,120.0,46.0,276.0
2024-05-09T00:00:00,0,0,0,1,82.0,54.0,432.0
2024-05-10T00:00:00,0,0,1,0,106.0,114.0,186.0
2024-05-13T00:00:00,0,0,0,0,147.0,119.0,261.0
2024-05-14T00:00:00,0,0,0,0,220.0,10.0,248.0
2024-05-15T00:00:00,0,0,0,0,243.0,155.0,262.0
2024-05-16T00:00:00,0,0,0,0,105.0,23.0,189.0
2024-05-17T00:00:00,0,0,0,0,101.0,42.0,164.0
2024-05-20T00:00:00,0,0,0,0,72.0,26.0,292.0
2024-05-21T00:00:00,0,0,0,0,73.0,9.0,129.0
2024-05-22T00:00:00,0,0,0,1,116.0,91.0,340.0
2024-05-23T00:00:00,0,0,0,1,109.0,4.0,696.0
2024-05-24T00:00:00,0,0,1,0,106.0,48.0,210.0
2024-05-27T00:00:00,0,0,0,0,56.0,18.0,130.0
2024-05-28T00:00:00,0,0,0,1,158.0,147.0,326.0
2024-05-29T00:00:00,0,1,0,0,223.0,333.0,151.0
2024-05-30T00:00:00,0,1,0,0,98.0,338.0,204.0
2024-05-31T00:00:00,0,0,0,1,199.0,31.0,632.0
2024-06-03T00:00:00,0,0,1,1,186.0,35.0,509.0
2024-06-04T00:00:00,1,0,1,1,247.0,130.0,390.0
2024-06-05T00:00:00,0,0,0,1,101.0,109.0,310.0
2024-06-06T00:00:00,0,0,0,0,91.0,25.0,283.0
2024-06-07T00:00:00,1,0,0,1,327.0,64.0,382.0
2024-06-10T00:00:00,0,0,0,0,139.0,58.0,227.0
2024-06-11T00:00:00,0,0,0,1,188.0,173.0,333.0
2024-06-12T00:00:00,1,1,0,1,402.0,375.0,530.0
2024-06-13T00:00:00,0,0,1,1,192.0,80.0,314.0
2024-06-14T00:00:00,1,1,0,0,370.0,245.0,298.0
2024-06-17T00:00:00,0,1,0,1,167.0,275.0,446.0
2024-06-18T00:00:00,0,0,1,0,120.0,19.0,217.0
2024-06-19T00:00:00,0,0,0,0,45.0,17.0,69.0
2024-06-20T00:00:00,0,0,0,1,112.0,16.0,486.0
2024-06-21T00:00:00,0,0,1,0,133.0,28.0,206.0
2024-06-24T00:00:00,0,0,0,1,227.0,111.0,380.0
2024-06-25T00:00:00,0,0,0,1,181.0,49.0,447.0
2024-06-26T00:00:00,0,0,1,0,176.0,107.0,281.0
2024-06-27T00:00:00,0,0,0,0,82.0,65.0,237.0
2024-06-28T00:00:00,0,0,0,1,127.0,42.0,534.0
2024-07-01T00:00:00,0,0,1,1,103.0,85.0,419.0
2024-07-02T00:00:00,0,0,0,0,142.0,76.0,279.0
2024-07-03T00:00:00,0,0,0,0,116.0,37.0,202.0
2024-07-04T00:00:00,0,0,0,0,158.0,109.0,112.0
2024-07-05T00:00:00,0,0,0,0,156.0,14.0,241.0
2024-07-08T00:00:00,0,0,0,1,207.0,70.0,413.0
2024-07-09T00:00:00,0,0,0,1,102.0,29.0,367.0
2024-07-10T00:00:00,0,0,0,1,88.0,5.0,499.0
2024-07-11T00:00:00,0,0,1,0,201.0,21.0,263.0
2024-07-12T00:00:00,0,0,0,1,184.0,105.0,466.0
2024-07-15T00:00:00,1,1,1,0,217.0,213.0,226.0
2024-07-16T00:00:00,1,0,0,1,246.0,148.0,630.0
2024-07-17T00:00:00,0,0,1,1,194.0,111.0,378.0
2024-07-18T00:00:00,1,0,0,1,278.0,137.0,787.0
2024-07-19T00:00:00,1,0,1,1,277.0,146.0,413.0
2024-07-22T00:00:00,0,0,0,0,135.0,107.0,257.0
2024-07-23T00:00:00,0,0,0,0,166.0,11.0,218.0
2024-07-24T00:00:00,0,1,0,1,156.0,189.0,468.0
2024-07-25T00:00:00,0,0,1,1,191.0,10.0,612.0
2024-07-26T00:00:00,0,1,1,1,205.0,211.0,596.0
2024-07-29T00:00:00,0,0,1,1,189.0,75.0,319.0
2024-07-30T00:00:00,0,0,0,1,141.0,31.0,354.0
2024-07-31T00:00:00,1,0,0,1,296.0,0.0,564.0
2024-08-01T00:00:00,1,0,1,1,233.0,112.0,1020.0
2024-08-02T00:00:00,1,1,1,1,410.0,357.0,693.0
2024-08-05T00:00:00,1,1,1,1,1105.0,1090.0,549.0
2024-08-06T00:00:00,1,0,1,1,426.0,29.0,837.0
2024-08-07T00:00:00,1,1,1,1,246.0,257.0,758.0
2024-08-08T00:00:00,1,1,1,1,402.0,167.0,603.0
2024-08-09T00:00:00,1,0,1,1,251.0,60.0,420.0
2024-08-12T00:00:00,0,0,0,0,142.0,70.0,352.0
2024-08-13T00:00:00,1,0,0,1,308.0,120.0,422.0
2024-08-14T00:00:00,0,0,0,0,192.0,11.0,351.0
2024-08-15T00:00:00,1,1,0,0,480.0,467.0,305.0
2024-08-16T00:00:00,0,0,0,0,236.0,72.0,290.0
2024-08-19T00:00:00,0,0,0,0,110.0,53.0,216.0
2024-08-20T00:00:00,0,0,0,0,128.0,56.0,163.0
2024-08-21T00:00:00,0,0,0,0,82.0,73.0,248.0
2024-08-22T00:00:00,0,0,0,1,116.0,65.0,460.0
2024-08-23T00:00:00,0,1,0,1,130.0,168.0,380.0
2024-08-26T00:00:00,0,0,0,0,119.0,75.0,294.0
2024-08-27T00:00:00,0,0,0,0,210.0,53.0,177.0
2024-08-28T00:00:00,0,0,0,1,77.0,27.0,529.0
2024-08-29T00:00:00,0,1,0,1,232.0,300.0,508.0
2024-08-30T00:00:00,0,0,0,1,130.0,38.0,442.0
2024-09-02T00:00:00,0,0,0,0,134.0,24.0,96.0
2024-09-03T00:00:00,0,1,0,1,233.0,198.0,664.0
2024-09-04T00:00:00,0,0,1,0,184.0,36.0,338.0
2024-09-05T00:00:00,0,0,0,1,165.0,90.0,578.0
2024-09-06T00:00:00,1,0,1,1,273.0,32.0,733.0
2024-09-09T00:00:00,0,1,1,1,245.0,286.0,489.0
2024-09-10T00:00:00,0,0,0,1,210.0,95.0,517.0
2024-09-11T00:00:00,0,0,0,1,224.0,118.0,918.0
2024-09-12T00:00:00,0,0,1,1,196.0,38.0,458.0
2024-09-13T00:00:00,0,0,0,0,131.0,42.0,402.0
2024-09-16T00:00:00,0,0,0,0,177.0,141.0,294.0
2024-09-17T00:00:00,0,1,0,0,187.0,483.0,377.0
2024-09-18T00:00:00,0,0,0,1,98.0,13.0,562.0
2024-09-19T00:00:00,1,1,0,0,361.0,588.0,354.0
2024-09-20T00:00:00,0,0,0,0,155.0,99.0,288.0
2024-09-23T00:00:00,0,0,0,0,205.0,56.0,181.0
2024-09-24T00:00:00,0,0,0,0,191.0,56.0,241.0
2024-09-25T00:00:00,0,0,0,1,176.0,23.0,472.0
2024-09-26T00:00:00,0,1,0,0,157.0,212.0,196.0
2024-09-27T00:00:00,0,0,0,1,163.0,79.0,416.0
2024-09-30T00:00:00,0,0,0,1,123.0,65.0,429.0
2024-10-01T00:00:00,0,0,0,0,156.0,72.0,405.0
2024-10-02T00:00:00,0,0,0,0,235.0,26.0,296.0
2024-10-03T00:00:00,0,0,0,0,198.0,161.0,297.0
2024-10-04T00:00:00,1,1,0,0,346.0,239.0,402.0
2024-10-07T00:00:00,0,0,0,1,225.0,127.0,477.0
2024-10-08T00:00:00,0,0,0,0,197.0,83.0,264.0
2024-10-09T00:00:00,0,0,0,1,164.0,1.0,576.0
2024-10-10T00:00:00,0,0,1,0,165.0,16.0,209.0
2024-10-11T00:00:00,0,0,0,1,137.0,39.0,421.0
2024-10-14T00:00:00,0,0,0,1,115.0,45.0,430.0
2024-10-15T00:00:00,1,0,0,0,286.0,161.0,313.0
2024-10-16T00:00:00,0,0,0,1,115.0,38.0,421.0
2024-10-17T00:00:00,1,1,0,0,260.0,179.0,178.0
2024-10-18T00:00:00,0,0,0,0,167.0,14.0,293.0
2024-10-21T00:00:00,0,0,0,1,169.0,24.0,439.0
2024-10-22T00:00:00,0,1,0,0,178.0,186.0,338.0
2024-10-23T00:00:00,0,1,0,1,179.0,236.0,491.0
2024-10-24T00:00:00,0,0,0,0,117.0,88.0,284.0
2024-10-25T00:00:00,0,0,0,1,200.0,142.0,566.0
2024-10-28T00:00:00,0,1,1,0,171.0,238.0,169.0
2024-10-29T00:00:00,0,1,0,0,225.0,195.0,333.0
2024-10-30T00:00:00,0,0,0,0,206.0,56.0,327.0
2024-10-31T00:00:00,1,1,0,0,234.0,268.0,296.0
2024-11-01T00:00:00,1,1,0,1,241.0,188.0,405.0
2024-11-04T00:00:00,0,0,0,1,180.0,62.0,391.0
2024-11-05T00:00:00,0,0,0,1,92.0,11.0,499.0
2024-11-06T00:00:00,1,1,1,1,937.0,1248.0,420.0
2024-11-07T00:00:00,0,0,0,0,155.0,19.0,185.0
2024-11-08T00:00:00,0,0,0,1,126.0,67.0,424.0
2024-11-11T00:00:00,0,0,0,0,188.0,173.0,307.0
2024-11-12T00:00:00,0,0,0,1,188.0,50.0,516.0
2024-11-13T00:00:00,1,0,1,0,280.0,43.0,313.0
2024-11-14T00:00:00,0,0,0,0,227.0,75.0,385.0
2024-11-15T00:00:00,0,0,0,0,190.0,182.0,306.0
2024-11-18T00:00:00,0,0,0,0,210.0,49.0,218.0
2024-11-19T00:00:00,1,1,0,1,622.0,359.0,462.0
2024-11-20T00:00:00,0,0,0,1,180.0,54.0,407.0
2024-11-21T00:00:00,1,0,0,1,369.0,146.0,702.0
2024-11-22T00:00:00,1,0,1,1,235.0,52.0,430.0
2024-11-25T00:00:00,0,1,0,0,194.0,345.0,306.0
2024-11-26T00:00:00,1,0,0,1,286.0,99.0,470.0
2024-11-27T00:00:00,0,0,0,0,151.0,26.0,331.0
2024-11-28T00:00:00,0,0,0,0,88.0,60.0,102.0
2024-11-29T00:00:00,0,0,0,0,153.0,82.0,312.0
2024-12-02T00:00:00,0,0,0,0,156.0,40.0,318.0
2024-12-03T00:00:00,0,0,0,0,102.0,35.0,306.0
2024-12-04T00:00:00,0,1,0,0,162.0,196.0,290.0
2024-12-05T00:00:00,0,0,0,0,128.0,50.0,314.0
2024-12-06T00:00:00,0,0,0,0,178.0,62.0,321.0
2024-12-09T00:00:00,0,0,0,1,139.0,47.0,355.0
2024-12-10T00:00:00,0,0,0,0,165.0,61.0,291.0
2024-12-11T00:00:00,0,0,0,0,192.0,32.0,233.0
2024-12-12T00:00:00,0,0,0,0,131.0,12.0,316.0
2024-12-13T00:00:00,0,0,0,0,135.0,43.0,267.0
2024-12-16T00:00:00,0,0,0,0,108.0,21.0,268.0
2024-12-17T00:00:00,0,1,0,0,217.0,260.0,233.0
2024-12-18T00:00:00,0,0,0,1,177.0,31.0,1467.0
2024-12-19T00:00:00,1,1,1,1,353.0,327.0,457.0
2024-12-20T00:00:00,1,0,1,1,292.0,154.0,1057.0
2024-12-23T00:00:00,1,0,1,1,409.0,141.0,454.0
2024-12-24T00:00:00,0,0,1,1,75.0,9.0,420.0
2024-12-26T00:00:00,0,0,0,0,219.0,145.0,272.0
2024-12-27T00:00:00,1,1,0,1,261.0,285.0,504.0
2024-12-30T00:00:00,1,1,1,1,443.0,466.0,533.0
2024-12-31T00:00:00,0,0,1,1,184.0,98.0,379.0
2025-01-02T00:00:00,1,1,0,1,283.0,283.0,756.0
2025-01-03T00:00:00,0,0,1,1,174.0,189.0,360.0
2025-01-06T00:00:00,1,0,0,1,300.0,162.0,521.0
2025-01-07T00:00:00,0,0,1,1,245.0,180.0,560.0
2025-01-08T00:00:00,1,0,1,0,271.0,3.0,333.0
2025-04-07T00:00:00,1,1,1,1,1151.0,1202.0,2609.0
2025-04-08T00:00:00,1,1,1,1,945.0,1396.0,2356.0
2025-04-09T00:00:00,1,1,1,1,1260.0,463.0,3614.0
2025-04-10T00:00:00,1,1,1,1,839.0,643.0,1606.0
2025-04-11T00:00:00,1,0,1,1,806.0,151.0,1165.0
2025-04-14T00:00:00,1,1,1,1,486.0,561.0,635.0
2025-04-15T00:00:00,0,0,0,0,344.0,30.0,458.0
2025-04-16T00:00:00,1,0,0,1,527.0,150.0,1038.0
2025-04-17T00:00:00,1,1,1,0,1106.0,524.0,504.0
2025-04-21T00:00:00,0,0,0,1,219.0,300.0,1058.0
2025-04-22T00:00:00,0,1,1,1,372.0,449.0,765.0
2025-04-23T00:00:00,0,1,0,1,420.0,739.0,906.0
2025-04-24T00:00:00,0,0,1,1,331.0,51.0,799.0
2025-04-25T00:00:00,0,0,0,0,380.0,113.0,427.0
2025-04-28T00:00:00,0,0,0,0,341.0,68.0,554.0
2025-04-29T00:00:00,0,0,0,0,245.0,9.0,419.0
2025-04-30T00:00:00,1,0,0,1,502.0,283.0,1043.0
2025-05-01T00:00:00,0,0,1,0,214.0,232.0,395.0
2025-05-02T00:00:00,0,1,0,0,397.0,414.0,366.0
2025-05-05T00:00:00,0,0,0,0,126.0,222.0,406.0
2025-05-06T00:00:00,0,0,0,0,401.0,394.0,427.0
2025-05-07T00:00:00,0,0,0,0,197.0,160.0,464.0
2025-05-08T00:00:00,0,0,0,1,259.0,192.0,639.0
2025-05-09T00:00:00,0,0,0,0,256.0,42.0,371.0
2025-05-12T00:00:00,1,1,0,0,709.0,1052.0,324.0
2025-05-13T00:00:00,0,0,0,0,253.0,156.0,258.0
2025-05-14T00:00:00,0,0,0,0,155.0,56.0,314.0
2025-05-15T00:00:00,0,0,0,0,202.0,211.0,528.0
2025-05-16T00:00:00,0,0,0,0,178.0,33.0,438.0
2025-05-19T00:00:00,0,0,0,0,191.0,293.0,499.0
2025-05-20T00:00:00,0,0,0,0,146.0,71.0,322.0
2025-05-21T00:00:00,0,0,0,1,357.0,397.0,655.0
2025-05-22T00:00:00,0,0,0,0,304.0,91.0,381.0
2025-05-23T00:00:00,1,1,0,0,789.0,508.0,443.0
2025-05-26T00:00:00,0,0,0,0,178.0,418.0,167.0
2025-05-27T00:00:00,0,0,0,0,286.0,27.0,477.0
2025-05-28T00:00:00,0,0,0,0,160.0,17.0,411.0
2025-05-29T00:00:00,1,0,0,0,569.0,103.0,452.0
2025-05-30T00:00:00,0,0,0,0,285.0,49.0,483.0
2025-06-02T00:00:00,0,0,0,0,251.0,158.0,482.0
2025-06-03T00:00:00,0,0,0,0,212.0,72.0,400.0
2025-06-04T00:00:00,0,0,0,0,153.0,35.0,224.0
2025-06-05T00:00:00,0,0,0,0,277.0,97.0,404.0
2025-06-06T00:00:00,0,0,0,0,339.0,363.0,356.0
2025-06-09T00:00:00,0,0,0,0,154.0,13.0,336.0
2025-06-10T00:00:00,0,0,0,0,255.0,12.0,231.0
2025-06-11T00:00:00,0,0,0,0,346.0,22.0,390.0
2025-06-12T00:00:00,0,0,0,0,258.0,149.0,363.0
2025-06-13T00:00:00,0,1,0,1,298.0,458.0,535.0
2025-06-16T00:00:00,0,1,0,0,284.0,538.0,340.0
2025-06-17T00:00:00,0,0,0,0,222.0,191.0,415.0
2025-06-18T00:00:00,0,0,0,0,171.0,46.0,410.0
2025-06-19T00:00:00,0,0,0,0,278.0,264.0,173.0
2025-06-20T00:00:00,0,1,0,0,372.0,568.0,358.0
2025-06-23T00:00:00,0,0,0,1,239.0,11.0,660.0
2025-06-24T00:00:00,0,0,0,0,255.0,281.0,420.0
2025-06-25T00:00:00,0,0,0,0,95.0,10.0,268.0
2025-06-26T00:00:00,0,0,0,0,118.0,95.0,349.0
2025-06-27T00:00:00,0,0,0,1,114.0,111.0,466.0
2025-06-30T00:00:00,0,0,0,0,127.0,238.0,256.0
2025-07-01T00:00:00,0,0,0,1,120.0,46.0,610.0
2025-07-02T00:00:00,0,0,0,0,214.0,30.0,206.0
2025-07-03T00:00:00,0,0,0,0,188.0,74.0,335.0
2025-07-04T00:00:00,0,0,0,0,211.0,240.0,88.0
2025-07-07T00:00:00,0,0,0,1,199.0,182.0,643.0
2025-07-08T00:00:00,0,0,1,0,131.0,40.0,239.0
2025-07-09T00:00:00,0,0,0,0,274.0,203.0,341.0
2025-07-10T00:00:00,0,0,0,1,158.0,23.0,416.0
2025-07-11T00:00:00,0,0,0,0,261.0,300.0,174.0
2025-07-14T00:00:00,0,0,0,0,232.0,51.0,227.0
2025-07-15T00:00:00,0,0,0,1,152.0,7.0,506.0
2025-07-16T00:00:00,0,0,1,1,334.0,162.0,510.0
2025-07-17T00:00:00,0,0,1,0,143.0,46.0,366.0
2025-07-18T00:00:00,0,0,0,0,152.0,65.0,371.0
2025-07-21T00:00:00,0,0,0,0,119.0,90.0,293.0
2025-07-22T00:00:00,0,0,0,0,163.0,61.0,263.0
2025-07-23T00:00:00,0,0,0,1,192.0,231.0,406.0
2025-07-24T00:00:00,0,1,0,0,274.0,336.0,243.0
2025-07-25T00:00:00,0,0,0,0,125.0,29.0,310.0
2025-07-28T00:00:00,0,0,0,0,280.0,40.0,214.0
2025-07-29T00:00:00,0,0,0,0,165.0,30.0,327.0
2025-07-30T00:00:00,0,0,0,1,96.0,18.0,493.0
2025-07-31T00:00:00,0,0,1,1,190.0,42.0,573.0
2025-08-01T00:00:00,1,1,1,1,467.0,380.0,450.0
2025-08-04T00:00:00,0,0,0,1,235.0,208.0,433.0
2025-08-05T00:00:00,0,0,0,1,193.0,7.0,383.0
2025-08-06T00:00:00,0,0,0,0,160.0,87.0,288.0
2025-08-07T00:00:00,1,0,0,1,298.0,227.0,716.0
2025-08-08T00:00:00,0,0,1,0,135.0,91.0,264.0
2025-08-11T00:00:00,0,0,0,0,117.0,42.0,374.0
2025-08-12T00:00:00,1,0,0,1,321.0,167.0,409.0
2025-08-13T00:00:00,0,0,0,0,223.0,174.0,366.0
2025-08-14T00:00:00,0,0,0,0,258.0,180.0,271.0
2025-08-15T00:00:00,0,1,0,0,156.0,296.0,327.0
2025-08-18T00:00:00,0,0,0,0,203.0,25.0,144.0
2025-08-19T00:00:00,0,0,0,1,271.0,80.0,397.0
2025-08-20T00:00:00,0,0,0,0,184.0,44.0,294.0
2025-08-21T00:00:00,0,0,0,0,214.0,168.0,326.0
2025-08-22T00:00:00,1,0,0,1,348.0,231.0,766.0
2025-08-25T00:00:00,0,0,1,0,164.0,111.0,321.0
2025-08-26T00:00:00,0,0,0,0,165.0,38.0,228.0
2025-08-27T00:00:00,0,0,0,0,98.0,22.0,251.0
2025-08-28T00:00:00,0,0,0,0,132.0,41.0,243.0
2025-08-29T00:00:00,0,0,0,0,129.0,94.0,255.0
2025-09-01T00:00:00,0,0,0,0,154.0,46.0,134.0
2025-09-02T00:00:00,1,1,0,1,503.0,445.0,361.0
2025-09-03T00:00:00,0,0,0,0,214.0,80.0,327.0
2025-09-04T00:00:00,0,0,0,1,103.0,20.0,473.0
2025-09-05T00:00:00,1,0,1,1,280.0,9.0,575.0
2025-09-08T00:00:00,0,0,1,0,114.0,32.0,266.0
2025-09-09T00:00:00,0,0,0,0,123.0,24.0,338.0
2025-09-10T00:00:00,1,0,0,0,272.0,39.0,329.0
2025-09-11T00:00:00,0,0,0,1,165.0,93.0,578.0
2025-09-12T00:00:00,0,0,1,0,148.0,91.0,268.0
2025-09-15T00:00:00,0,0,0,0,136.0,59.0,214.0
2025-09-16T00:00:00,0,1,0,0,126.0,342.0,312.0
2025-09-17T00:00:00,0,0,0,1,146.0,93.0,599.0
2025-09-18T00:00:00,1,0,1,1,375.0,14.0,382.0
2025-09-19T00:00:00,1,0,0,0,290.0,122.0,302.0
2025-09-22T00:00:00,0,0,0,1,180.0,182.0,423.0
2025-09-23T00:00:00,0,0,0,1,102.0,48.0,510.0
2025-09-24T00:00:00,0,0,1,1,115.0,49.0,374.0
2025-09-25T00:00:00,0,0,0,1,266.0,118.0,347.0
2025-09-26T00:00:00,1,0,0,0,274.0,176.0,322.0
2025-09-29T00:00:00,0,0,0,0,129.0,147.0,261.0
2025-09-30T00:00:00,0,0,0,1,155.0,52.0,332.0
2025-10-01T00:00:00,0,0,0,0,258.0,126.0,259.0
2025-10-02T00:00:00,0,0,0,0,86.0,1.0,325.0
2025-10-03T00:00:00,0,0,0,1,123.0,53.0,484.0
2025-10-06T00:00:00,0,0,1,1,113.0,74.0,434.0
2025-10-07T00:00:00,0,0,0,1,249.0,72.0,434.0
2025-10-08T00:00:00,0,0,0,0,159.0,135.0,329.0
2025-10-09T00:00:00,0,0,0,1,93.0,8.0,430.0
2025-10-10T00:00:00,0,0,0,1,154.0,143.0,1195.0
2025-10-13T00:00:00,0,1,1,1,270.0,335.0,367.0
2025-10-14T00:00:00,1,1,0,1,528.0,386.0,1081.0
2025-10-15T00:00:00,0,1,1,1,204.0,192.0,680.0
2025-10-16T00:00:00,0,0,1,1,237.0,61.0,655.0
2025-10-17T00:00:00,1,0,1,1,661.0,35.0,421.0
2025-10-20T00:00:00,0,0,0,1,169.0,170.0,416.0
2025-10-21T00:00:00,0,0,0,1,138.0,1.0,443.0
2025-10-22T00:00:00,0,0,0,1,124.0,9.0,480.0
2025-10-23T00:00:00,0,0,0,0,122.0,37.0,317.0
2025-10-24T00:00:00,1,1,0,1,380.0,258.0,408.0
2025-10-27T00:00:00,0,1,0,0,144.0,254.0,196.0
2025-10-28T00:00:00,1,1,0,0,371.0,342.0,266.0
2025-10-29T00:00:00,1,0,0,1,312.0,144.0,601.0
2025-10-30T00:00:00,1,1,1,1,337.0,244.0,623.0
2025-10-31T00:00:00,0,0,1,1,186.0,60.0,373.0
2025-11-03T00:00:00,0,0,0,1,172.0,50.0,507.0
2025-11-04T00:00:00,1,1,1,1,335.0,315.0,394.0
2025-11-05T00:00:00,0,0,0,1,172.0,11.0,421.0
2025-11-06T00:00:00,0,0,0,1,196.0,109.0,572.0
2025-11-07T00:00:00,1,0,1,1,312.0,122.0,512.0
2025-11-10T00:00:00,0,1,1,1,172.0,194.0,480.0
2025-11-11T00:00:00,0,0,0,1,112.0,48.0,597.0
2025-11-12T00:00:00,0,0,1,1,110.0,103.0,387.0
2025-11-13T00:00:00,1,0,0,1,293.0,149.0,827.0
2025-11-14T00:00:00,1,1,1,1,452.0,362.0,538.0
2025-11-17T00:00:00,0,0,0,1,262.0,103.0,786.0
2025-11-18T00:00:00,1,1,1,1,394.0,424.0,461.0
2025-11-19T00:00:00,0,0,0,0,239.0,14.0,404.0
2025-11-20T00:00:00,1,1,0,1,329.0,488.0,1137.0
2025-11-21T00:00:00,1,0,1,1,338.0,192.0,802.0
2025-11-24T00:00:00,0,0,1,1,284.0,105.0,491.0
2025-11-25T00:00:00,0,0,0,1,204.0,108.0,849.0
2025-11-26T00:00:00,0,0,1,0,153.0,98.0,388.0
2025-11-27T00:00:00,0,0,0,0,90.0,28.0,69.0
2025-11-28T00:00:00,0,0,0,0,149.0,70.0,278.0
2025-12-01T00:00:00,0,1,0,0,152.0,288.0,403.0
2025-12-02T00:00:00,0,0,0,0,241.0,82.0,341.0
2025-12-03T00:00:00,0,0,0,1,263.0,43.0,550.0
2025-12-04T00:00:00,0,0,0,0,127.0,22.0,374.0
2025-12-05T00:00:00,0,0,0,0,187.0,20.0,272.0
2025-12-08T00:00:00,0,0,0,0,86.0,46.0,375.0
2025-12-09T00:00:00,0,0,0,0,140.0,13.0,420.0
2025-12-10T00:00:00,0,0,0,1,142.0,38.0,742.0
2025-12-11T00:00:00,1,0,1,1,330.0,81.0,638.0
2025-12-12T00:00:00,0,0,1,1,123.0,59.0,559.0
2025-12-15T00:00:00,0,1,0,0,162.0,217.0,409.0
2025-12-16T00:00:00,0,1,0,1,280.0,295.0,535.0
2025-12-17T00:00:00,0,0,0,1,228.0,80.0,543.0
2025-12-18T00:00:00,1,1,0,1,343.0,243.0,531.0
2025-12-19T00:00:00,0,0,0,0,289.0,96.0,250.0
2025-12-22T00:00:00,0,0,0,0,109.0,57.0,260.0
2025-12-23T00:00:00,0,0,0,0,197.0,129.0,300.0
2025-12-24T00:00:00,0,0,0,0,69.0,12.0,405.0
2025-12-26T00:00:00,0,0,0,0,119.0,31.0,200.0
2025-12-29T00:00:00,0,0,0,0,196.0,123.0,323.0
2025-12-30T00:00:00,0,0,0,0,84.0,3.0,195.0
2025-12-31T00:00:00,0,0,0,0,117.0,5.0,351.0
2026-01-02T00:00:00,0,0,0,1,151.0,117.0,563.0
2026-01-05T00:00:00,0,0,0,1,169.0,69.0,794.0
2026-01-06T00:00:00,0,0,1,1,175.0,57.0,631.0
2026-01-07T00:00:00,0,0,1,1,113.0,102.0,688.0
2026-01-08T00:00:00,0,0,1,1,161.0,222.0,572.0
2026-01-09T00:00:00,0,0,0,0,223.0,19.0,387.0
2026-01-12T00:00:00,0,1,0,1,236.0,279.0,643.0
2026-01-13T00:00:00,0,0,1,1,228.0,36.0,543.0
2026-01-14T00:00:00,0,0,0,0,133.0,127.0,342.0
2026-01-15T00:00:00,0,0,0,0,221.0,70.0,369.0
2026-01-16T00:00:00,0,0,0,0,147.0,6.0,376.0
2026-01-19T00:00:00,0,1,0,0,200.0,414.0,136.0
2026-01-20T00:00:00,1,1,0,1,427.0,341.0,483.0
2026-01-21T00:00:00,1,0,0,1,336.0,71.0,739.0
2026-01-22T00:00:00,0,1,1,0,287.0,268.0,363.0
2026-01-23T00:00:00,1,0,0,0,335.0,209.0,267.0
2026-01-26T00:00:00,0,0,0,0,228.0,84.0,343.0
2026-01-27T00:00:00,1,1,0,0,384.0,342.0,312.0
2026-01-28T00:00:00,0,0,0,0,140.0,17.0,252.0
2026-01-29T00:00:00,1,0,0,1,340.0,15.0,722.0
2026-01-30T00:00:00,1,0,1,1,384.0,123.0,599.0
2026-02-02T00:00:00,1,0,0,1,534.0,21.0,791.0
2026-02-03T00:00:00,0,0,1,1,193.0,100.0,833.0
2026-02-04T00:00:00,0,0,1,1,171.0,157.0,545.0
2026-02-05T00:00:00,1,1,0,1,364.0,240.0,528.0
2026-02-06T00:00:00,1,1,0,1,483.0,335.0,968.0
2026-02-09T00:00:00,0,0,1,0,259.0,98.0,393.0
2026-02-10T00:00:00,0,0,0,0,212.0,107.0,405.0
2026-02-11T00:00:00,0,0,0,1,281.0,224.0,609.0
2026-02-12T00:00:00,0,0,0,1,126.0,181.0,1028.0
2026-02-13T00:00:00,0,0,1,1,294.0,24.0,665.0
2026-02-16T00:00:00,0,0,1,0,211.0,127.0,181.0
2026-02-17T00:00:00,0,0,0,1,261.0,36.0,554.0
2026-02-18T00:00:00,0,0,0,1,252.0,90.0,477.0
2026-02-19T00:00:00,0,0,0,1,272.0,151.0,417.0
2026-02-20T00:00:00,1,0,0,1,316.0,140.0,568.0
2026-02-23T00:00:00,0,0,0,1,245.0,168.0,987.0
2026-02-24T00:00:00,0,0,1,1,200.0,37.0,566.0
2026-02-25T00:00:00,0,0,0,0,282.0,182.0,327.0
2026-02-26T00:00:00,1,1,0,1,355.0,214.0,604.0
2026-02-27T00:00:00,1,1,0,0,469.0,548.0,423.0
2026-03-02T00:00:00,1,1,0,1,426.0,545.0,694.0
2026-03-03T00:00:00,1,1,1,1,670.0,918.0,1072.0
2026-03-04T00:00:00,1,0,1,0,490.0,99.0,512.0
2026-03-05T00:00:00,1,1,0,1,522.0,398.0,945.0
2026-03-06T00:00:00,1,1,1,1,851.0,632.0,579.0
2026-03-09T00:00:00,1,1,0,1,689.0,438.0,1286.0
2026-03-10T00:00:00,1,0,1,1,469.0,25.0,790.0
2026-03-11T00:00:00,1,0,1,1,452.0,40.0,536.0
2026-03-12T00:00:00,0,1,0,0,369.0,455.0,408.0
2026-03-13T00:00:00,1,0,0,1,593.0,233.0,633.0
2026-03-16T00:00:00,0,1,0,0,385.0,358.0,373.0
2026-03-17T00:00:00,1,1,0,0,596.0,612.0,458.0
2026-03-18T00:00:00,1,0,0,1,601.0,223.0,716.0
2026-03-19T00:00:00,0,0,1,0,449.0,316.0,532.0
2026-03-20T00:00:00,1,0,0,1,469.0,147.0,706.0
2026-03-23T00:00:00,1,1,0,1,1752.0,746.0,623.0
2026-03-24T00:00:00,1,1,0,1,550.0,355.0,684.0
2026-03-25T00:00:00,0,1,0,0,304.0,464.0,558.0
2026-03-26T00:00:00,0,0,0,1,431.0,278.0,664.0
2026-03-27T00:00:00,1,0,0,1,573.0,215.0,707.0
2026-03-30T00:00:00,1,1,0,1,557.0,431.0,576.0
2026-03-31T00:00:00,0,1,0,1,343.0,483.0,920.0
2026-04-01T00:00:00,0,0,1,0,475.0,282.0,341.0
2026-04-02T00:00:00,0,1,0,1,342.0,577.0,874.0
2026-06-30T00:00:00,0,0,0,0,223.0,102.0,381.0
2026-07-01T00:00:00,0,0,0,1,182.0,95.0,730.0
2026-07-02T00:00:00,1,0,1,1,417.0,292.0,456.0
