Trade number,Type,Date and time,Signal,Price USD,Size (qty),Size (value),Net PnL USD,Return %,Favorable excursion USD,Favorable excursion %,Adverse excursion USD,Adverse excursion %,Cumulative PnL USD,Cumulative PnL %,Duration (bars)
1,Exit long,2020-01-14 13:30,Exit Long,28967,17,246202.5,-3.74,0.00,414.63,0.17,-52.87,-0.02,-3.74,0.00,9
1,Entry long,2020-01-14 11:15,Long,28965,17,246202.5,-3.74,0.00,414.63,0.17,-52.87,-0.02,-3.74,0.00,9
2,Exit long,2020-01-21 10:15,Exit Long,29235,17,248761,-284.24,-0.11,168.13,0.07,-273.87,-0.11,-287.98,-0.14,3
2,Entry long,2020-01-21 09:30,Long,29266,17,248761,-284.24,-0.11,168.13,0.07,-273.87,-0.11,-287.98,-0.14,3
3,Exit long,2020-03-06 10:45,Exit Long,25630,6,76875,7.68,0.01,422.34,0.55,-351.66,-0.46,-280.3,-0.14,2
3,Entry long,2020-03-06 10:15,Long,25625,6,76875,7.68,0.01,422.34,0.55,-351.66,-0.46,-280.3,-0.14,2
4,Exit long,2020-05-26 11:30,Exit Long,25020,17,213188.5,-539.24,-0.25,108.63,0.05,-681.87,-0.32,-819.54,-0.41,2
4,Entry long,2020-05-26 11:00,Long,25081,17,213188.5,-539.24,-0.25,108.63,0.05,-681.87,-0.32,-819.54,-0.41,2
5,Exit long,2020-06-05 12:00,Exit Long,27173,9,121923,344.52,0.28,1034.01,0.85,-54.99,-0.05,-475.02,-0.24,5
5,Entry long,2020-06-05 10:45,Long,27094,9,121923,344.52,0.28,1034.01,0.85,-54.99,-0.05,-475.02,-0.24,5
6,Exit long,2020-06-09 11:30,Exit Long,27292,11,150639.5,-546.92,-0.36,235.29,0.16,-540.21,-0.36,-1021.94,-0.51,3
6,Entry long,2020-06-09 10:45,Long,27389,11,150639.5,-546.92,-0.36,235.29,0.16,-540.21,-0.36,-1021.94,-0.51,3
7,Exit long,2020-07-10 11:45,Exit Long,25775,9,115978.5,-1.98,0.00,192.51,0.17,-374.49,-0.32,-1023.92,-0.51,5
7,Entry long,2020-07-10 10:30,Long,25773,9,115978.5,-1.98,0.00,192.51,0.17,-374.49,-0.32,-1023.92,-0.51,5
8,Exit long,2020-07-14 12:00,Exit Long,26198,9,117873,7.02,0.01,521.01,0.44,-356.49,-0.30,-1016.9,-0.51,6
8,Entry long,2020-07-14 10:30,Long,26194,9,117873,7.02,0.01,521.01,0.44,-356.49,-0.30,-1016.9,-0.51,6
9,Exit long,2020-08-04 12:00,Exit Long,26658,17,226448.5,123.76,0.05,525.13,0.23,-112.37,-0.05,-893.14,-0.45,5
9,Entry long,2020-08-04 10:45,Long,26641,17,226448.5,123.76,0.05,525.13,0.23,-112.37,-0.05,-893.14,-0.45,5
10,Exit long,2020-08-14 12:45,Exit Long,27846,17,236691,-20.74,-0.01,355.13,0.15,-180.37,-0.08,-913.88,-0.46,6
10,Entry long,2020-08-14 11:15,Long,27846,17,236691,-20.74,-0.01,355.13,0.15,-180.37,-0.08,-913.88,-0.46,6
11,Exit long,2020-08-21 15:30,Exit Long,27852,16,222072,724.48,0.33,1150.24,0.52,-489.76,-0.22,-262.6,-0.13,23
11,Entry long,2020-08-21 09:45,Long,27759,16,222072,724.48,0.33,1150.24,0.52,-489.76,-0.22,-262.6,-0.13,23
12,Exit long,2020-08-21 15:30,Exit Long Add,27852,120,1669800,1173.6,0.07,4366.8,0.26,-1213.2,-0.07,984.2,0.49,8
12,Entry long,2020-08-21 13:30,Long Add,27830,120,1669800,1173.6,0.07,4366.8,0.26,-1213.2,-0.07,984.2,0.49,8
13,Exit long,2020-09-25 11:30,Exit Long,26763,9,120424.5,-1.98,0.00,264.51,0.22,-257.49,-0.21,982.22,0.49,4
13,Entry long,2020-09-25 10:30,Long,26761,9,120424.5,-1.98,0.00,264.51,0.22,-257.49,-0.21,982.22,0.49,4
14,Exit long,2020-10-09 12:45,Exit Long,28468,17,242513.5,-556.24,-0.23,244.63,0.10,-545.87,-0.23,425.98,0.21,4
14,Entry long,2020-10-09 11:45,Long,28531,17,242513.5,-556.24,-0.23,244.63,0.10,-545.87,-0.23,425.98,0.21,4
15,Exit long,2020-10-16 10:45,Exit Long,28651,15,215400,-535.8,-0.25,88.35,0.04,-526.65,-0.24,-109.82,-0.05,2
15,Entry long,2020-10-16 10:15,Long,28720,15,215400,-535.8,-0.25,88.35,0.04,-526.65,-0.24,-109.82,-0.05,2
16,Exit long,2020-11-24 13:15,Exit Long,30029,17,255246.5,-20.74,-0.01,168.13,0.07,-205.87,-0.08,-130.56,-0.07,6
16,Entry long,2020-11-24 11:45,Long,30029,17,255246.5,-20.74,-0.01,168.13,0.07,-205.87,-0.08,-130.56,-0.07,6
17,Exit long,2020-12-08 14:30,Exit Long,30184,17,255884,659.26,0.26,1120.13,0.44,-61.37,-0.02,451.23,0.23,15
17,Entry long,2020-12-08 10:45,Long,30104,17,255884,659.26,0.26,1120.13,0.44,-61.37,-0.02,451.23,0.23,15
18,Exit long,2020-12-08 14:30,Exit Long Add,30184,127,1915604.5,924.56,0.05,4367.53,0.23,-585.47,-0.03,1453.26,0.73,9
18,Entry long,2020-12-08 12:15,Long Add,30167,127,1915604.5,924.56,0.05,4367.53,0.23,-585.47,-0.03,1453.26,0.73,9
19,Exit long,2020-12-15 15:15,Exit Long,30106,17,254889.5,990.76,0.39,1443.13,0.57,-426.87,-0.17,2366.55,1.18,15
19,Entry long,2020-12-15 11:30,Long,29987,17,254889.5,990.76,0.39,1443.13,0.57,-426.87,-0.17,2366.55,1.18,15
20,Exit long,2020-12-15 15:15,Exit Long Add,30106,127,1912175.5,-599.44,-0.03,2780.03,0.15,-1855.47,-0.10,1844.58,0.92,9
20,Entry long,2020-12-15 13:00,Long Add,30113,127,1912175.5,-599.44,-0.03,2780.03,0.15,-1855.47,-0.10,1844.58,0.92,9
21,Exit long,2021-01-22 13:00,Exit Long,30947,17,262947.5,81.26,0.03,533.63,0.20,-52.87,-0.02,1925.84,0.96,6
21,Entry long,2021-01-22 11:30,Long,30935,17,262947.5,81.26,0.03,533.63,0.20,-52.87,-0.02,1925.84,0.96,6
22,Exit long,2021-02-09 15:15,Exit Long,31302,17,265761,285.26,0.11,627.13,0.24,-146.37,-0.06,2133.63,1.07,15
22,Entry long,2021-02-09 11:30,Long,31266,17,265761,285.26,0.11,627.13,0.24,-146.37,-0.06,2133.63,1.07,15
23,Exit long,2021-02-09 15:15,Exit Long Add,31302,127,1988439,-916.94,-0.05,1637.03,0.08,-839.47,-0.04,1294.16,0.65,6
23,Entry long,2021-02-09 13:45,Long Add,31314,127,1988439,-916.94,-0.05,1637.03,0.08,-839.47,-0.04,1294.16,0.65,6
24,Exit long,2021-04-23 15:45,Exit Long,33972,17,288269,472.26,0.16,1196.63,0.42,-384.37,-0.13,1688.95,0.84,20
24,Entry long,2021-04-23 10:45,Long,33914,17,288269,472.26,0.16,1196.63,0.42,-384.37,-0.13,1688.95,0.84,20
25,Exit long,2021-04-23 15:45,Exit Long Add,33972,127,2158238,-1170.94,-0.05,4240.53,0.20,-1093.47,-0.05,595.48,0.30,3
25,Entry long,2021-04-23 15:00,Long Add,33988,127,2158238,-1170.94,-0.05,4240.53,0.20,-1093.47,-0.05,595.48,0.30,3
26,Exit long,2021-06-22 11:30,Exit Long,33786,17,287725,-564.74,-0.20,151.13,0.05,-554.37,-0.19,30.74,0.02,2
26,Entry long,2021-06-22 11:00,Long,33850,17,287725,-564.74,-0.20,151.13,0.05,-554.37,-0.19,30.74,0.02,2
27,Exit long,2021-06-25 11:30,Exit Long,34306,17,291609.5,-29.24,-0.01,193.63,0.07,-401.37,-0.14,1.5,0.00,6
27,Entry long,2021-06-25 10:00,Long,34307,17,291609.5,-29.24,-0.01,193.63,0.07,-401.37,-0.14,1.5,0.00,6
28,Exit long,2021-07-02 13:30,Exit Long,34666,17,294669.5,-29.24,-0.01,329.63,0.11,-78.37,-0.03,-27.74,-0.01,4
28,Entry long,2021-07-02 12:30,Long,34667,17,294669.5,-29.24,-0.01,329.63,0.11,-78.37,-0.03,-27.74,-0.01,4
29,Exit long,2021-07-20 13:15,Exit Long,34424,10,171290,817.8,0.48,1213.9,0.71,-51.1,-0.03,744.31,0.37,14
29,Entry long,2021-07-20 09:45,Long,34258,10,171290,817.8,0.48,1213.9,0.71,-51.1,-0.03,744.31,0.37,14
30,Exit long,2021-07-20 13:15,Exit Long Add,34424,75,1289587.5,1221,0.09,4191.75,0.33,-420.75,-0.03,2011.06,1.01,7
30,Entry long,2021-07-20 11:30,Long Add,34389,75,1289587.5,1221,0.09,4191.75,0.33,-420.75,-0.03,2011.06,1.01,7
31,Exit long,2021-07-23 11:45,Exit Long,34915,17,297211,-454.24,-0.15,117.13,0.04,-443.87,-0.15,1556.82,0.78,2
31,Entry long,2021-07-23 11:15,Long,34966,17,297211,-454.24,-0.15,117.13,0.04,-443.87,-0.15,1556.82,0.78,2
32,Exit long,2021-08-03 14:45,Exit Long,34931,13,227045,-9.36,0.00,206.57,0.09,-488.93,-0.22,1547.46,0.77,13
32,Entry long,2021-08-03 11:30,Long,34930,13,227045,-9.36,0.00,206.57,0.09,-488.93,-0.22,1547.46,0.77,13
33,Exit long,2021-08-10 10:30,Exit Long,35111,17,298783.5,-360.74,-0.12,108.63,0.04,-350.37,-0.12,1186.72,0.59,2
33,Entry long,2021-08-10 10:00,Long,35151,17,298783.5,-360.74,-0.12,108.63,0.04,-350.37,-0.12,1186.72,0.59,2
34,Exit long,2021-08-27 10:30,Exit Long,35367,17,300619.5,-20.74,-0.01,380.63,0.13,-18.87,-0.01,1165.98,0.58,2
34,Entry long,2021-08-27 10:00,Long,35367,17,300619.5,-20.74,-0.01,380.63,0.13,-18.87,-0.01,1165.98,0.58,2
35,Exit long,2021-09-24 10:15,Exit Long,34637,14,242977,-535.08,-0.22,103.46,0.04,-547.54,-0.23,630.9,0.32,2
35,Entry long,2021-09-24 09:45,Long,34711,14,242977,-535.08,-0.22,103.46,0.04,-547.54,-0.23,630.9,0.32,2
36,Exit long,2021-10-29 13:45,Exit Long,35664,17,303679.5,-556.24,-0.18,0,0.00,-545.87,-0.18,74.66,0.04,6
36,Entry long,2021-10-29 12:15,Long,35727,17,303679.5,-556.24,-0.18,0,0.00,-545.87,-0.18,74.66,0.04,6
37,Exit long,2021-11-02 11:45,Exit Long,35893,17,304903.5,166.26,0.05,576.13,0.19,-163.37,-0.05,240.92,0.12,4
37,Entry long,2021-11-02 10:45,Long,35871,17,304903.5,166.26,0.05,576.13,0.19,-163.37,-0.05,240.92,0.12,4
38,Exit long,2021-11-02 13:15,Exit Long,35955,17,305626,-29.24,-0.01,117.13,0.04,-188.87,-0.06,211.68,0.11,3
38,Entry long,2021-11-02 12:30,Long,35956,17,305626,-29.24,-0.01,117.13,0.04,-188.87,-0.06,211.68,0.11,3
39,Exit long,2021-11-12 12:30,Exit Long,35983,17,305855.5,-20.74,-0.01,355.13,0.12,-86.87,-0.03,190.94,0.10,5
39,Entry long,2021-11-12 11:15,Long,35983,17,305855.5,-20.74,-0.01,355.13,0.12,-86.87,-0.03,190.94,0.10,5
40,Exit long,2021-11-16 10:00,Exit Long,36150,17,307283.5,-29.24,-0.01,576.13,0.19,-18.87,-0.01,161.7,0.08,2
40,Entry long,2021-11-16 09:30,Long,36151,17,307283.5,-29.24,-0.01,576.13,0.19,-18.87,-0.01,161.7,0.08,2
41,Exit long,2021-11-19 09:30,Exit Long,35635,15,268020,-775.8,-0.29,20.85,0.01,-1179.15,-0.44,-614.1,-0.31,1
41,Entry long,2021-11-19 09:15,Long,35736,15,268020,-775.8,-0.29,20.85,0.01,-1179.15,-0.44,-614.1,-0.31,1
42,Exit long,2021-12-28 10:15,Exit Long,36352,17,308592.5,378.76,0.12,856.63,0.28,-112.37,-0.04,-235.34,-0.12,3
42,Entry long,2021-12-28 09:30,Long,36305,17,308592.5,378.76,0.12,856.63,0.28,-112.37,-0.04,-235.34,-0.12,3
43,Exit long,2022-01-04 10:45,Exit Long,36733,17,312664,-454.24,-0.15,151.13,0.05,-443.87,-0.14,-689.58,-0.34,2
43,Entry long,2022-01-04 10:15,Long,36784,17,312664,-454.24,-0.15,151.13,0.05,-443.87,-0.14,-689.58,-0.34,2
44,Exit long,2022-01-07 14:15,Exit Long,36152,13,235527.5,-555.36,-0.24,57.07,0.02,-547.43,-0.23,-1244.94,-0.62,10
44,Entry long,2022-01-07 11:45,Long,36235,13,235527.5,-555.36,-0.24,57.07,0.02,-547.43,-0.23,-1244.94,-0.62,10
45,Exit long,2022-01-28 12:15,Exit Long,34119,5,85285,6.4,0.01,436.95,0.51,-120.55,-0.14,-1238.54,-0.62,4
45,Entry long,2022-01-28 11:15,Long,34114,5,85285,6.4,0.01,436.95,0.51,-120.55,-0.14,-1238.54,-0.62,4
46,Exit long,2022-02-04 09:45,Exit Long,34918,10,175120,-542.2,-0.31,28.9,0.02,-716.1,-0.41,-1780.74,-0.89,1
46,Entry long,2022-02-04 09:30,Long,35024,10,175120,-542.2,-0.31,28.9,0.02,-716.1,-0.41,-1780.74,-0.89,1
47,Exit long,2022-02-25 13:00,Exit Long,33844,6,100587,937.68,0.93,1283.34,1.28,-297.66,-0.30,-870.51,-0.44,11
47,Entry long,2022-02-25 10:15,Long,33529,6,100587,937.68,0.93,1283.34,1.28,-297.66,-0.30,-870.51,-0.44,11
48,Exit long,2022-02-25 13:00,Exit Long Add,33844,45,761827.5,-392.4,-0.05,2200.05,0.29,-1107.45,-0.15,-1235.46,-0.62,5
48,Entry long,2022-02-25 11:45,Long Add,33859,45,761827.5,-392.4,-0.05,2200.05,0.29,-1107.45,-0.15,-1235.46,-0.62,5
49,Exit long,2022-03-15 11:45,Exit Long,33172,8,132676,2.24,0.00,475.12,0.36,-324.88,-0.24,-1233.22,-0.62,5
49,Entry long,2022-03-15 10:30,Long,33169,8,132676,2.24,0.00,475.12,0.36,-324.88,-0.24,-1233.22,-0.62,5
50,Exit long,2022-03-15 13:30,Exit Long,33181,8,133244,-529.76,-0.40,119.12,0.09,-524.88,-0.39,-1762.98,-0.88,5
50,Entry long,2022-03-15 12:15,Long,33311,8,133244,-529.76,-0.40,119.12,0.09,-524.88,-0.39,-1762.98,-0.88,5
51,Exit long,2022-03-18 10:30,Exit Long,34224,12,205866,-536.64,-0.26,52.68,0.03,-529.32,-0.26,-2299.62,-1.15,2
51,Entry long,2022-03-18 10:00,Long,34311,12,205866,-536.64,-0.26,52.68,0.03,-529.32,-0.26,-2299.62,-1.15,2
52,Exit long,2022-03-18 13:15,Exit Long,34388,12,206322,-8.64,0.00,142.68,0.07,-259.32,-0.13,-2308.26,-1.15,3
52,Entry long,2022-03-18 12:30,Long,34387,12,206322,-8.64,0.00,142.68,0.07,-259.32,-0.13,-2308.26,-1.15,3
53,Exit long,2022-03-25 10:45,Exit Long,34799,17,295791.5,-20.74,-0.01,329.63,0.11,-27.37,-0.01,-2329,-1.16,2
53,Entry long,2022-03-25 10:15,Long,34799,17,295791.5,-20.74,-0.01,329.63,0.11,-27.37,-0.01,-2329,-1.16,2
54,Exit long,2022-04-08 12:45,Exit Long,34745,12,208464,-8.64,0.00,436.68,0.21,-355.32,-0.17,-2337.64,-1.17,8
54,Entry long,2022-04-08 10:45,Long,34744,12,208464,-8.64,0.00,436.68,0.21,-355.32,-0.17,-2337.64,-1.17,8
55,Exit long,2022-04-19 10:15,Exit Long,34636,13,225127.5,-9.36,0.00,369.07,0.16,-215.93,-0.10,-2347,-1.17,2
55,Entry long,2022-04-19 09:45,Long,34635,13,225127.5,-9.36,0.00,369.07,0.16,-215.93,-0.10,-2347,-1.17,2
56,Exit long,2022-04-19 11:30,Exit Long,34717,12,208296,-8.64,0.00,244.68,0.12,-451.32,-0.22,-2355.64,-1.18,5
56,Entry long,2022-04-19 10:15,Long,34716,12,208296,-8.64,0.00,244.68,0.12,-451.32,-0.22,-2355.64,-1.18,5
57,Exit long,2022-05-03 11:45,Exit Long,33146,8,132572,2.24,0.00,439.12,0.33,-168.88,-0.13,-2353.4,-1.18,3
57,Entry long,2022-05-03 11:00,Long,33143,8,132572,2.24,0.00,439.12,0.33,-168.88,-0.13,-2353.4,-1.18,3
58,Exit long,2022-05-27 10:15,Exit Long,32843,13,213473,-9.36,0.00,135.07,0.06,-274.43,-0.13,-2362.76,-1.18,2
58,Entry long,2022-05-27 09:45,Long,32842,13,213473,-9.36,0.00,135.07,0.06,-274.43,-0.13,-2362.76,-1.18,2
59,Exit long,2022-05-27 13:30,Exit Long,32906,13,213863,10.14,0.00,492.57,0.23,-163.93,-0.08,-2352.62,-1.18,9
59,Entry long,2022-05-27 11:15,Long,32902,13,213863,10.14,0.00,492.57,0.23,-163.93,-0.08,-2352.62,-1.18,9
60,Exit long,2022-05-31 12:45,Exit Long,33098,9,148932,-1.98,0.00,287.01,0.19,-396.99,-0.27,-2354.6,-1.18,4
60,Entry long,2022-05-31 11:45,Long,33096,9,148932,-1.98,0.00,287.01,0.19,-396.99,-0.27,-2354.6,-1.18,4
61,Exit long,2022-06-07 11:15,Exit Long,32950,11,181219.5,-7.92,0.00,224.29,0.12,-199.21,-0.11,-2362.52,-1.18,3
61,Entry long,2022-06-07 10:30,Long,32949,11,181219.5,-7.92,0.00,224.29,0.12,-199.21,-0.11,-2362.52,-1.18,3
62,Exit long,2022-06-21 11:00,Exit Long,30430,16,243328,92.48,0.04,654.24,0.27,-401.76,-0.17,-2270.04,-1.14,5
62,Entry long,2022-06-21 09:45,Long,30416,16,243328,92.48,0.04,654.24,0.27,-401.76,-0.17,-2270.04,-1.14,5
63,Exit long,2022-07-15 11:15,Exit Long,31216,9,140463,-1.98,0.00,215.01,0.15,-351.99,-0.25,-2272.02,-1.14,4
63,Entry long,2022-07-15 10:15,Long,31214,9,140463,-1.98,0.00,215.01,0.15,-351.99,-0.25,-2272.02,-1.14,4
64,Exit long,2022-07-19 12:00,Exit Long,31524,14,219996,654.92,0.30,1237.46,0.56,-169.54,-0.08,-1681.15,-0.84,8
64,Entry long,2022-07-19 10:00,Long,31428,14,219996,654.92,0.30,1237.46,0.56,-169.54,-0.08,-1681.15,-0.84,8
65,Exit long,2022-07-19 12:00,Exit Long Add,31524,105,1655640,-758.1,-0.05,2140.95,0.13,-694.05,-0.04,-2375.2,-1.19,2
65,Entry long,2022-07-19 11:30,Long Add,31536,105,1655640,-758.1,-0.05,2140.95,0.13,-694.05,-0.04,-2375.2,-1.19,2
66,Exit long,2022-07-19 14:45,Exit Long,31683,13,205653.5,270.14,0.13,837.07,0.41,-313.43,-0.15,-2164.23,-1.08,9
66,Entry long,2022-07-19 12:30,Long,31639,13,205653.5,270.14,0.13,837.07,0.41,-313.43,-0.15,-2164.23,-1.08,9
67,Exit long,2022-07-19 14:45,Exit Long Add,31683,97,1539196,-2688.84,-0.17,571.33,0.04,-2629.67,-0.17,-4793.9,-2.40,3
67,Entry long,2022-07-19 14:00,Long Add,31736,97,1539196,-2688.84,-0.17,571.33,0.04,-2629.67,-0.17,-4793.9,-2.40,3
68,Exit long,2022-07-29 10:45,Exit Long,32657,15,244927.5,-18.3,-0.01,148.35,0.06,-286.65,-0.12,-4812.2,-2.41,2
68,Entry long,2022-07-29 10:15,Long,32657,15,244927.5,-18.3,-0.01,148.35,0.06,-286.65,-0.12,-4812.2,-2.41,2
69,Exit long,2022-07-29 14:00,Exit Long,32700,14,228893,-10.08,0.00,278.46,0.12,-372.54,-0.16,-4822.28,-2.41,5
69,Entry long,2022-07-29 12:45,Long,32699,14,228893,-10.08,0.00,278.46,0.12,-372.54,-0.16,-4822.28,-2.41,5
70,Exit long,2022-08-02 13:15,Exit Long,32629,12,196302,-542.64,-0.28,112.68,0.06,-535.32,-0.27,-5364.92,-2.68,4
70,Entry long,2022-08-02 12:15,Long,32717,12,196302,-542.64,-0.28,112.68,0.06,-535.32,-0.27,-5364.92,-2.68,4
71,Exit long,2022-08-12 16:30,EOD Flat,33713,17,285141,1398.76,0.49,1545.13,0.54,-27.37,-0.01,-4043.63,-2.02,18
71,Entry long,2022-08-12 12:00,Long,33546,17,285141,1398.76,0.49,1545.13,0.54,-27.37,-0.01,-4043.63,-2.02,18
72,Exit long,2022-08-12 16:30,EOD Flat,33713,127,2136775,3845.56,0.18,4939.03,0.23,-1601.47,-0.07,-120.6,-0.06,8
72,Entry long,2022-08-12 14:30,Long Add,33650,127,2136775,3845.56,0.18,4939.03,0.23,-1601.47,-0.07,-120.6,-0.06,8
73,Exit long,2022-08-16 10:15,Exit Long,33935,17,288447.5,-20.74,-0.01,338.13,0.12,-469.37,-0.16,-141.34,-0.07,2
73,Entry long,2022-08-16 09:45,Long,33935,17,288447.5,-20.74,-0.01,338.13,0.12,-469.37,-0.16,-141.34,-0.07,2
74,Exit long,2022-08-16 14:30,Exit Long,34187,17,289357,1211.76,0.42,1715.13,0.59,-95.37,-0.03,992.95,0.50,13
74,Entry long,2022-08-16 11:15,Long,34042,17,289357,1211.76,0.42,1715.13,0.59,-95.37,-0.03,992.95,0.50,13
75,Exit long,2022-08-16 14:30,Exit Long Add,34187,127,2165794.5,4925.06,0.23,8685.53,0.40,-966.47,-0.04,5995.48,3.00,7
75,Entry long,2022-08-16 12:45,Long Add,34107,127,2165794.5,4925.06,0.23,8685.53,0.40,-966.47,-0.04,5995.48,3.00,7
76,Exit long,2022-09-02 11:15,Exit Long,31977,10,159875,-2.2,0.00,138.9,0.09,-371.1,-0.23,5993.28,3.00,3
76,Entry long,2022-09-02 10:30,Long,31975,10,159875,-2.2,0.00,138.9,0.09,-371.1,-0.23,5993.28,3.00,3
77,Exit long,2022-10-04 10:15,Exit Long,30238,12,181422,-8.64,0.00,556.68,0.31,-103.32,-0.06,5984.64,2.99,2
77,Entry long,2022-10-04 09:45,Long,30237,12,181422,-8.64,0.00,556.68,0.31,-103.32,-0.06,5984.64,2.99,2
78,Exit long,2022-10-11 12:00,Exit Long,29437,10,146575,597.8,0.41,1213.9,0.83,-231.1,-0.16,6582.44,3.29,6
78,Entry long,2022-10-11 10:30,Long,29315,10,146575,597.8,0.41,1213.9,0.83,-231.1,-0.16,6582.44,3.29,6
79,Exit long,2022-10-11 13:30,Exit Long,29525,9,133362,-510.48,-0.38,93.51,0.07,-504.99,-0.38,6071.96,3.04,4
79,Entry long,2022-10-11 12:30,Long,29636,9,133362,-510.48,-0.38,93.51,0.07,-504.99,-0.38,6071.96,3.04,4
80,Exit long,2022-10-21 10:15,Exit Long,30728,8,122900,2.24,0.00,299.12,0.24,-136.88,-0.11,6074.2,3.04,2
80,Entry long,2022-10-21 09:45,Long,30725,8,122900,2.24,0.00,299.12,0.24,-136.88,-0.11,6074.2,3.04,2
81,Exit long,2022-10-21 16:30,EOD Flat,31172,7,107814,1279.46,1.19,1322.23,1.23,-256.27,-0.24,7321.94,3.66,19
81,Entry long,2022-10-21 11:45,Long,30804,7,107814,1279.46,1.19,1322.23,1.23,-256.27,-0.24,7321.94,3.66,19
82,Exit long,2022-10-21 16:30,EOD Flat,31172,52,806000,4408.56,0.55,4726.28,0.59,-1461.72,-0.18,11762.22,5.88,11
82,Entry long,2022-10-21 13:45,Long Add,31000,52,806000,4408.56,0.55,4726.28,0.59,-1461.72,-0.18,11762.22,5.88,11
83,Exit long,2022-10-25 13:00,Exit Long,31732,12,190926,-548.64,-0.29,148.68,0.08,-541.32,-0.28,11213.58,5.61,6
83,Entry long,2022-10-25 11:30,Long,31821,12,190926,-548.64,-0.29,148.68,0.08,-541.32,-0.28,11213.58,5.61,6
84,Exit long,2022-10-28 12:00,Exit Long,32670,8,130668,2.24,0.00,195.12,0.15,-260.88,-0.20,11215.82,5.61,5
84,Entry long,2022-10-28 10:45,Long,32667,8,130668,2.24,0.00,195.12,0.15,-260.88,-0.20,11215.82,5.61,5
85,Exit long,2022-10-28 16:30,EOD Flat,32987,9,147420,1010.52,0.69,1043.01,0.71,-180.99,-0.12,12185.47,6.09,17
85,Entry long,2022-10-28 12:15,Long,32760,9,147420,1010.52,0.69,1043.01,0.71,-180.99,-0.12,12185.47,6.09,17
86,Exit long,2022-10-28 16:30,EOD Flat,32987,67,1101714.5,3268.26,0.30,3510.13,0.32,-1380.87,-0.13,15494.6,7.75,8
86,Entry long,2022-10-28 14:30,Long Add,32887,67,1101714.5,3268.26,0.30,3510.13,0.32,-1380.87,-0.13,15494.6,7.75,8
87,Exit long,2022-11-04 10:45,Exit Long,32477,7,113627.5,33.46,0.03,576.73,0.51,-200.27,-0.18,15528.06,7.76,3
87,Entry long,2022-11-04 10:00,Long,32465,7,113627.5,33.46,0.03,576.73,0.51,-200.27,-0.18,15528.06,7.76,3
88,Exit long,2022-11-08 11:00,Exit Long,33185,15,248557.5,311.7,0.13,860.85,0.35,-174.15,-0.07,15839.76,7.92,3
88,Entry long,2022-11-08 10:15,Long,33141,15,248557.5,311.7,0.13,860.85,0.35,-174.15,-0.07,15839.76,7.92,3
89,Exit long,2022-11-08 12:00,Exit Long,33326,13,216612.5,-9.36,0.00,265.07,0.12,-183.43,-0.08,15830.4,7.92,2
89,Entry long,2022-11-08 11:30,Long,33325,13,216612.5,-9.36,0.00,265.07,0.12,-183.43,-0.08,15830.4,7.92,2
90,Exit long,2022-11-22 11:15,Exit Long,33951,17,289093.5,-530.74,-0.18,219.13,0.08,-520.37,-0.18,15299.66,7.65,5
90,Entry long,2022-11-22 10:00,Long,34011,17,289093.5,-530.74,-0.18,219.13,0.08,-520.37,-0.18,15299.66,7.65,5
91,Exit long,2022-11-25 10:15,Exit Long,34332,17,291830.5,-29.24,-0.01,329.63,0.11,-18.87,-0.01,15270.42,7.64,2
91,Entry long,2022-11-25 09:45,Long,34333,17,291830.5,-29.24,-0.01,329.63,0.11,-18.87,-0.01,15270.42,7.64,2
92,Exit long,2022-11-29 10:45,Exit Long,33852,15,254430,-558.3,-0.22,163.35,0.06,-549.15,-0.22,14712.12,7.36,2
92,Entry long,2022-11-29 10:15,Long,33924,15,254430,-558.3,-0.22,163.35,0.06,-549.15,-0.22,14712.12,7.36,2
93,Exit long,2022-12-16 10:00,Exit Long,33220,12,199314,-8.64,0.00,370.68,0.19,-301.32,-0.15,14703.48,7.35,2
93,Entry long,2022-12-16 09:30,Long,33219,12,199314,-8.64,0.00,370.68,0.19,-301.32,-0.15,14703.48,7.35,2
94,Exit long,2022-12-20 10:45,Exit Long,33096,12,198570,-8.64,0.00,286.68,0.14,-13.32,-0.01,14694.84,7.35,2
94,Entry long,2022-12-20 10:15,Long,33095,12,198570,-8.64,0.00,286.68,0.14,-13.32,-0.01,14694.84,7.35,2
95,Exit long,2023-01-06 09:15,Exit Long,33352,12,200616,-518.64,-0.26,82.68,0.04,-511.32,-0.25,14176.2,7.09,2
95,Entry long,2023-01-06 08:45,Long,33436,12,200616,-518.64,-0.26,82.68,0.04,-511.32,-0.25,14176.2,7.09,2
96,Exit long,2023-01-06 12:45,Exit Long,33574,7,117386.5,113.96,0.10,604.73,0.52,-7.77,-0.01,14290.16,7.15,9
96,Entry long,2023-01-06 10:30,Long,33539,7,117386.5,113.96,0.10,604.73,0.52,-7.77,-0.01,14290.16,7.15,9
97,Exit long,2023-01-13 14:00,Exit Long,34348,12,206082,-8.64,0.00,226.68,0.11,-505.32,-0.25,14281.52,7.14,15
97,Entry long,2023-01-13 10:15,Long,34347,12,206082,-8.64,0.00,226.68,0.11,-505.32,-0.25,14281.52,7.14,15
98,Exit long,2023-01-20 11:30,Exit Long,33280,13,216313.5,-9.36,0.00,362.57,0.17,-137.93,-0.06,14272.16,7.14,2
98,Entry long,2023-01-20 11:00,Long,33279,13,216313.5,-9.36,0.00,362.57,0.17,-137.93,-0.06,14272.16,7.14,2
99,Exit long,2023-01-24 11:00,Exit Long,33706,13,219082.5,-9.36,0.00,486.07,0.22,-144.43,-0.07,14262.8,7.13,2
99,Entry long,2023-01-24 10:30,Long,33705,13,219082.5,-9.36,0.00,486.07,0.22,-144.43,-0.07,14262.8,7.13,2
100,Exit long,2023-02-03 11:15,Exit Long,34168,10,170830,-2.2,0.00,163.9,0.10,-386.1,-0.23,14260.6,7.13,3
100,Entry long,2023-02-03 10:30,Long,34166,10,170830,-2.2,0.00,163.9,0.10,-386.1,-0.23,14260.6,7.13,3
101,Exit long,2023-02-10 10:30,Exit Long,33782,13,219576.5,-9.36,0.00,440.57,0.20,-46.93,-0.02,14251.24,7.13,2
101,Entry long,2023-02-10 10:00,Long,33781,13,219576.5,-9.36,0.00,440.57,0.20,-46.93,-0.02,14251.24,7.13,2
102,Exit long,2023-03-03 16:30,EOD Flat,33420,16,265504,1836.48,0.69,1934.24,0.73,-121.76,-0.05,16014.52,8.01,21
102,Entry long,2023-03-03 11:15,Long,33188,16,265504,1836.48,0.69,1934.24,0.73,-121.76,-0.05,16014.52,8.01,21
103,Exit long,2023-03-03 16:30,EOD Flat,33420,120,1998240,6813.6,0.34,7546.8,0.38,-1333.2,-0.07,22901.32,11.45,15
103,Entry long,2023-03-03 12:45,Long Add,33304,120,1998240,6813.6,0.34,7546.8,0.38,-1333.2,-0.07,22901.32,11.45,15
104,Exit long,2023-03-24 13:00,Exit Long,32276,8,129092,2.24,0.00,291.12,0.23,-356.88,-0.28,22903.56,11.45,5
104,Entry long,2023-03-24 11:45,Long,32273,8,129092,2.24,0.00,291.12,0.23,-356.88,-0.28,22903.56,11.45,5
105,Exit long,2023-03-28 10:30,Exit Long,32670,17,278162.5,-488.24,-0.18,210.63,0.08,-477.87,-0.17,22415.32,11.21,2
105,Entry long,2023-03-28 10:00,Long,32725,17,278162.5,-488.24,-0.18,210.63,0.08,-477.87,-0.17,22415.32,11.21,2
106,Exit long,2023-03-31 12:30,Exit Long,33320,17,282625,574.26,0.20,984.13,0.35,-112.37,-0.04,22989.58,11.49,6
106,Entry long,2023-03-31 11:00,Long,33250,17,282625,574.26,0.20,984.13,0.35,-112.37,-0.04,22989.58,11.49,6
107,Exit long,2023-04-11 12:30,Exit Long,33882,17,287861,115.26,0.04,508.13,0.18,-316.37,-0.11,23104.84,11.55,5
107,Entry long,2023-04-11 11:15,Long,33866,17,287861,115.26,0.04,508.13,0.18,-316.37,-0.11,23104.84,11.55,5
108,Exit long,2023-04-28 10:30,Exit Long,34050,17,288609,795.26,0.28,1239.13,0.43,-78.37,-0.03,23900.1,11.95,3
108,Entry long,2023-04-28 09:45,Long,33954,17,288609,795.26,0.28,1239.13,0.43,-78.37,-0.03,23900.1,11.95,3
109,Exit long,2023-04-28 12:15,Exit Long,34139,14,238966,-10.08,0.00,131.46,0.06,-120.54,-0.05,23890.02,11.95,2
109,Entry long,2023-04-28 11:45,Long,34138,14,238966,-10.08,0.00,131.46,0.06,-120.54,-0.05,23890.02,11.95,2
110,Exit long,2023-05-09 10:00,Exit Long,33648,17,286535,-547.74,-0.19,134.13,0.05,-656.37,-0.23,23342.28,11.67,1
110,Entry long,2023-05-09 09:45,Long,33710,17,286535,-547.74,-0.19,134.13,0.05,-656.37,-0.23,23342.28,11.67,1
111,Exit long,2023-05-26 11:00,Exit Long,33085,12,199032,-536.64,-0.27,166.68,0.08,-529.32,-0.27,22805.64,11.40,3
111,Entry long,2023-05-26 10:15,Long,33172,12,199032,-536.64,-0.27,166.68,0.08,-529.32,-0.27,22805.64,11.40,3
112,Exit long,2023-06-02 16:30,EOD Flat,33801,14,234913,1676.92,0.71,2126.46,0.91,-456.54,-0.19,24418.51,12.21,26
112,Entry long,2023-06-02 10:00,Long,33559,14,234913,1676.92,0.71,2126.46,0.91,-456.54,-0.19,24418.51,12.21,26
113,Exit long,2023-06-02 16:30,EOD Flat,33801,105,1768672.5,5751.9,0.33,9123.45,0.52,-1534.05,-0.09,30234.46,15.12,20
113,Entry long,2023-06-02 11:30,Long Add,33689,105,1768672.5,5751.9,0.33,9123.45,0.52,-1534.05,-0.09,30234.46,15.12,20
114,Exit long,2023-06-06 11:00,Exit Long,33603,17,286101.5,-496.74,-0.17,57.63,0.02,-503.37,-0.18,29737.72,14.87,1
114,Entry long,2023-06-06 10:45,Long,33659,17,286101.5,-496.74,-0.17,57.63,0.02,-503.37,-0.18,29737.72,14.87,1
115,Exit long,2023-06-09 10:30,Exit Long,33948,17,288566.5,-29.24,-0.01,253.13,0.09,-171.87,-0.06,29708.48,14.85,2
115,Entry long,2023-06-09 10:00,Long,33949,17,288566.5,-29.24,-0.01,253.13,0.09,-171.87,-0.06,29708.48,14.85,2
116,Exit long,2023-06-27 15:15,Exit Long,34185,17,290190,361.76,0.12,771.63,0.27,-146.37,-0.05,29992.77,15.00,11
116,Entry long,2023-06-27 12:30,Long,34140,17,290190,361.76,0.12,771.63,0.27,-146.37,-0.05,29992.77,15.00,11
117,Exit long,2023-06-27 15:15,Exit Long Add,34185,127,2173033.5,-2440.94,-0.11,621.03,0.03,-2363.47,-0.11,27629.3,13.81,5
117,Entry long,2023-06-27 14:00,Long Add,34221,127,2173033.5,-2440.94,-0.11,621.03,0.03,-2363.47,-0.11,27629.3,13.81,5
118,Exit long,2023-07-07 13:30,Exit Long,34211,17,290793.5,-20.74,-0.01,270.13,0.09,-256.87,-0.09,27608.56,13.80,4
118,Entry long,2023-07-07 12:30,Long,34211,17,290793.5,-20.74,-0.01,270.13,0.09,-256.87,-0.09,27608.56,13.80,4
119,Exit long,2023-07-11 12:15,Exit Long,34357,17,292034.5,-20.74,-0.01,346.63,0.12,-18.87,-0.01,27587.82,13.79,2
119,Entry long,2023-07-11 11:45,Long,34357,17,292034.5,-20.74,-0.01,346.63,0.12,-18.87,-0.01,27587.82,13.79,2
120,Exit long,2023-07-18 10:15,Exit Long,34962,17,297177,-20.74,-0.01,261.63,0.09,-44.37,-0.01,27567.08,13.78,2
120,Entry long,2023-07-18 09:45,Long,34962,17,297177,-20.74,-0.01,261.63,0.09,-44.37,-0.01,27567.08,13.78,2
121,Exit long,2023-07-18 12:15,Exit Long,35110,17,297466,948.26,0.32,1485.63,0.50,-112.37,-0.04,28437.87,14.22,8
121,Entry long,2023-07-18 10:15,Long,34996,17,297466,948.26,0.32,1485.63,0.50,-112.37,-0.04,28437.87,14.22,8
122,Exit long,2023-07-18 12:15,Exit Long Add,35110,127,2231771,-2440.94,-0.11,303.53,0.01,-2363.47,-0.11,26074.4,13.04,2
122,Entry long,2023-07-18 11:45,Long Add,35146,127,2231771,-2440.94,-0.11,303.53,0.01,-2363.47,-0.11,26074.4,13.04,2
123,Exit long,2023-07-25 13:00,Exit Long,35646,17,302999.5,-29.24,-0.01,227.63,0.08,-239.87,-0.08,26045.16,13.02,6
123,Entry long,2023-07-25 11:30,Long,35647,17,302999.5,-29.24,-0.01,227.63,0.08,-239.87,-0.08,26045.16,13.02,6
124,Exit long,2023-08-01 10:00,Exit Long,35731,17,304138.5,-445.74,-0.15,227.63,0.07,-537.37,-0.18,25599.42,12.80,1
124,Entry long,2023-08-01 09:45,Long,35781,17,304138.5,-445.74,-0.15,227.63,0.07,-537.37,-0.18,25599.42,12.80,1
125,Exit long,2023-08-04 11:45,Exit Long,35520,14,248633,-10.08,0.00,117.46,0.05,-456.54,-0.18,25589.34,12.79,5
125,Entry long,2023-08-04 10:30,Long,35519,14,248633,-10.08,0.00,117.46,0.05,-456.54,-0.18,25589.34,12.79,5
126,Exit long,2023-08-04 13:15,Exit Long,35530,16,284768,-547.52,-0.19,30.24,0.01,-537.76,-0.19,25041.82,12.52,3
126,Entry long,2023-08-04 12:30,Long,35596,16,284768,-547.52,-0.19,30.24,0.01,-537.76,-0.19,25041.82,12.52,3
127,Exit long,2023-08-11 10:45,Exit Long,35353,16,282496,308.48,0.11,934.24,0.33,-73.76,-0.03,25350.3,12.68,3
127,Entry long,2023-08-11 10:00,Long,35312,16,282496,308.48,0.11,934.24,0.33,-73.76,-0.03,25350.3,12.68,3
128,Exit long,2023-08-18 12:00,Exit Long,34583,15,259372.5,-18.3,-0.01,253.35,0.10,-496.65,-0.19,25332,12.67,4
128,Entry long,2023-08-18 11:00,Long,34583,15,259372.5,-18.3,-0.01,253.35,0.10,-496.65,-0.19,25332,12.67,4
129,Exit long,2023-08-29 12:30,Exit Long,34798,17,295783,-20.74,-0.01,346.63,0.12,-273.87,-0.09,25311.26,12.66,4
129,Entry long,2023-08-29 11:30,Long,34798,17,295783,-20.74,-0.01,346.63,0.12,-273.87,-0.09,25311.26,12.66,4
130,Exit long,2023-09-08 11:15,Exit Long,34633,17,294389,-29.24,-0.01,151.13,0.05,-350.37,-0.12,25282.02,12.64,4
130,Entry long,2023-09-08 10:15,Long,34634,17,294389,-29.24,-0.01,151.13,0.05,-350.37,-0.12,25282.02,12.64,4
131,Exit long,2023-09-12 13:30,Exit Long,35157,17,297636,1177.76,0.40,1596.13,0.54,-27.37,-0.01,26382.31,13.19,9
131,Entry long,2023-09-12 11:15,Long,35016,17,297636,1177.76,0.40,1596.13,0.54,-27.37,-0.01,26382.31,13.19,9
132,Exit long,2023-09-12 13:30,Exit Long Add,35157,127,2228659.5,3655.06,0.16,6780.53,0.30,-521.97,-0.02,30114.84,15.06,3
132,Entry long,2023-09-12 12:45,Long Add,35097,127,2228659.5,3655.06,0.16,6780.53,0.30,-521.97,-0.02,30114.84,15.06,3
133,Exit long,2023-10-06 12:15,Exit Long,33567,8,133808,450.24,0.34,855.12,0.64,-8.88,-0.01,30565.08,15.28,4
133,Entry long,2023-10-06 11:15,Long,33452,8,133808,450.24,0.34,855.12,0.64,-8.88,-0.01,30565.08,15.28,4
134,Exit long,2023-10-10 10:30,Exit Long,33953,17,288600.5,-20.74,-0.01,304.13,0.11,-78.37,-0.03,30544.34,15.27,2
134,Entry long,2023-10-10 10:00,Long,33953,17,288600.5,-20.74,-0.01,304.13,0.11,-78.37,-0.03,30544.34,15.27,2
135,Exit long,2023-10-10 11:45,Exit Long,34021,16,272168,-19.52,-0.01,294.24,0.11,-225.76,-0.08,30524.82,15.26,3
135,Entry long,2023-10-10 11:00,Long,34021,16,272168,-19.52,-0.01,294.24,0.11,-225.76,-0.08,30524.82,15.26,3
136,Exit long,2023-10-17 12:00,Exit Long,34232,13,222501.5,-9.36,0.00,219.57,0.10,-92.43,-0.04,30515.46,15.26,2
136,Entry long,2023-10-17 11:30,Long,34231,13,222501.5,-9.36,0.00,219.57,0.10,-92.43,-0.04,30515.46,15.26,2
137,Exit long,2023-10-17 12:45,Exit Long,34226,14,240114,-549.08,-0.23,12.46,0.01,-540.54,-0.23,29966.38,14.98,2
137,Entry long,2023-10-17 12:15,Long,34302,14,240114,-549.08,-0.23,12.46,0.01,-540.54,-0.23,29966.38,14.98,2
138,Exit long,2023-10-31 15:30,Exit Long,33080,13,214799,205.14,0.10,713.57,0.33,-202.93,-0.09,30112.35,15.06,12
138,Entry long,2023-10-31 12:30,Long,33046,13,214799,205.14,0.10,713.57,0.33,-202.93,-0.09,30112.35,15.06,12
139,Exit long,2023-10-31 15:30,Exit Long Add,33080,97,1606950.5,-2688.84,-0.17,1104.83,0.07,-2629.67,-0.16,27482.68,13.74,3
139,Entry long,2023-10-31 14:45,Long Add,33133,97,1606950.5,-2688.84,-0.17,1104.83,0.07,-2629.67,-0.16,27482.68,13.74,3
140,Exit long,2023-11-03 13:15,Exit Long,34153,17,290785,-505.24,-0.17,176.63,0.06,-494.87,-0.17,26977.44,13.49,2
140,Entry long,2023-11-03 12:45,Long,34210,17,290785,-505.24,-0.17,176.63,0.06,-494.87,-0.17,26977.44,13.49,2
141,Exit long,2023-11-07 11:00,Exit Long,34204,17,290394,319.26,0.11,746.13,0.26,-222.87,-0.08,27296.7,13.65,4
141,Entry long,2023-11-07 10:00,Long,34164,17,290394,319.26,0.11,746.13,0.26,-222.87,-0.08,27296.7,13.65,4
142,Exit long,2023-11-07 12:00,Exit Long,34206,17,291167.5,-437.24,-0.15,15.13,0.01,-426.87,-0.15,26859.46,13.43,2
142,Entry long,2023-11-07 11:30,Long,34255,17,291167.5,-437.24,-0.15,15.13,0.01,-426.87,-0.15,26859.46,13.43,2
143,Exit long,2023-11-14 11:45,Exit Long,34907,13,226876,3.64,0.00,453.57,0.20,-118.43,-0.05,26863.1,13.43,6
143,Entry long,2023-11-14 10:15,Long,34904,13,226876,3.64,0.00,453.57,0.20,-118.43,-0.05,26863.1,13.43,6
144,Exit long,2023-11-24 11:15,Exit Long,35426,17,301129.5,-29.24,-0.01,91.63,0.03,-154.87,-0.05,26833.86,13.42,4
144,Entry long,2023-11-24 10:15,Long,35427,17,301129.5,-29.24,-0.01,91.63,0.03,-154.87,-0.05,26833.86,13.42,4
145,Exit long,2023-11-28 12:00,Exit Long,35512,17,301707.5,123.76,0.04,440.13,0.15,-384.37,-0.13,26957.62,13.48,6
145,Entry long,2023-11-28 10:30,Long,35495,17,301707.5,123.76,0.04,440.13,0.15,-384.37,-0.13,26957.62,13.48,6
146,Exit long,2023-12-01 12:00,Exit Long,36186,16,289488,-19.52,-0.01,302.24,0.10,-289.76,-0.10,26938.1,13.47,2
146,Entry long,2023-12-01 11:30,Long,36186,16,289488,-19.52,-0.01,302.24,0.10,-289.76,-0.10,26938.1,13.47,2
147,Exit long,2023-12-19 11:45,Exit Long,37872,17,321453,438.26,0.14,754.63,0.23,-290.87,-0.09,27298.89,13.65,8
147,Entry long,2023-12-19 09:45,Long,37818,17,321453,438.26,0.14,754.63,0.23,-290.87,-0.09,27298.89,13.65,8
148,Exit long,2023-12-19 11:45,Exit Long Add,37872,127,2406586.5,-1869.44,-0.08,367.03,0.02,-1791.97,-0.07,25506.92,12.75,2
148,Entry long,2023-12-19 11:15,Long Add,37899,127,2406586.5,-1869.44,-0.08,367.03,0.02,-1791.97,-0.07,25506.92,12.75,2
149,Exit long,2024-01-02 12:15,Exit Long,38019,17,323161.5,-20.74,-0.01,287.13,0.09,-35.87,-0.01,25486.18,12.74,2
149,Entry long,2024-01-02 11:45,Long,38019,17,323161.5,-20.74,-0.01,287.13,0.09,-35.87,-0.01,25486.18,12.74,2
150,Exit long,2024-01-05 10:15,Exit Long,37785,17,320416,735.76,0.23,1570.63,0.49,-426.87,-0.13,26221.94,13.11,4
150,Entry long,2024-01-05 09:15,Long,37696,17,320416,735.76,0.23,1570.63,0.49,-426.87,-0.13,26221.94,13.11,4
151,Exit long,2024-01-26 10:00,Exit Long,38218,17,325337.5,-505.24,-0.16,15.13,0.00,-494.87,-0.15,25716.7,12.86,2
151,Entry long,2024-01-26 09:30,Long,38275,17,325337.5,-505.24,-0.16,15.13,0.00,-494.87,-0.15,25716.7,12.86,2
152,Exit long,2024-01-26 11:00,Exit Long,38313,17,325414,225.76,0.07,754.63,0.23,-35.87,-0.01,25942.46,12.97,3
152,Entry long,2024-01-26 10:15,Long,38284,17,325414,225.76,0.07,754.63,0.23,-35.87,-0.01,25942.46,12.97,3
153,Exit long,2024-01-30 12:30,Exit Long,38509,17,327199,106.76,0.03,448.63,0.14,-69.87,-0.02,26049.22,13.02,5
153,Entry long,2024-01-30 11:15,Long,38494,17,327199,106.76,0.03,448.63,0.14,-69.87,-0.02,26049.22,13.02,5
154,Exit long,2024-03-01 11:15,Exit Long,39060,17,332010,-20.74,-0.01,584.63,0.18,-358.87,-0.11,26028.48,13.01,4
154,Entry long,2024-03-01 10:15,Long,39060,17,332010,-20.74,-0.01,584.63,0.18,-358.87,-0.11,26028.48,13.01,4
155,Exit long,2024-03-08 10:15,Exit Long,38910,15,292365,-558.3,-0.19,193.35,0.07,-549.15,-0.19,25470.18,12.74,2
155,Entry long,2024-03-08 09:45,Long,38982,15,292365,-558.3,-0.19,193.35,0.07,-549.15,-0.19,25470.18,12.74,2
156,Exit long,2024-03-12 11:15,Exit Long,39485,10,197415,-2.2,0.00,238.9,0.12,-266.1,-0.13,25467.98,12.73,3
156,Entry long,2024-03-12 10:30,Long,39483,10,197415,-2.2,0.00,238.9,0.12,-266.1,-0.13,25467.98,12.73,3
157,Exit long,2024-03-19 13:00,Exit Long,39500,17,334526,1203.26,0.36,1596.13,0.48,-103.87,-0.03,26593.77,13.30,10
157,Entry long,2024-03-19 10:30,Long,39356,17,334526,1203.26,0.36,1596.13,0.48,-103.87,-0.03,26593.77,13.30,10
158,Exit long,2024-03-19 13:00,Exit Long Add,39500,127,2502789,5306.06,0.21,8241.03,0.33,-458.47,-0.02,31977.3,15.99,4
158,Entry long,2024-03-19 12:00,Long Add,39414,127,2502789,5306.06,0.21,8241.03,0.33,-458.47,-0.02,31977.3,15.99,4
159,Exit long,2024-04-05 11:15,Exit Long,39086,12,235026,-524.64,-0.22,0,0.00,-517.32,-0.22,31452.66,15.73,2
159,Entry long,2024-04-05 10:45,Long,39171,12,235026,-524.64,-0.22,0,0.00,-517.32,-0.22,31452.66,15.73,2
160,Exit long,2024-04-05 13:00,Exit Long,39290,11,215891.5,190.08,0.09,631.29,0.29,-50.71,-0.02,31642.74,15.82,6
160,Entry long,2024-04-05 11:30,Long,39253,11,215891.5,190.08,0.09,631.29,0.29,-50.71,-0.02,31642.74,15.82,6
161,Exit long,2024-04-23 11:00,Exit Long,38682,17,328797,-20.74,-0.01,457.13,0.14,-163.37,-0.05,31622,15.81,2
161,Entry long,2024-04-23 10:30,Long,38682,17,328797,-20.74,-0.01,457.13,0.14,-163.37,-0.05,31622,15.81,2
162,Exit long,2024-04-26 10:30,Exit Long,38408,13,250159,-522.86,-0.21,0,0.00,-514.93,-0.21,31099.14,15.55,2
162,Entry long,2024-04-26 10:00,Long,38486,13,250159,-522.86,-0.21,0,0.00,-514.93,-0.21,31099.14,15.55,2
163,Exit long,2024-04-26 15:30,Exit Long,38438,15,288802.5,-535.8,-0.19,193.35,0.07,-526.65,-0.18,30563.34,15.28,11
163,Entry long,2024-04-26 12:45,Long,38507,15,288802.5,-535.8,-0.19,193.35,0.07,-526.65,-0.18,30563.34,15.28,11
164,Exit long,2024-05-07 11:15,Exit Long,39065,17,332401,-369.24,-0.11,176.63,0.05,-358.87,-0.11,30194.1,15.10,5
164,Entry long,2024-05-07 10:00,Long,39106,17,332401,-369.24,-0.11,176.63,0.05,-358.87,-0.11,30194.1,15.10,5
165,Exit long,2024-05-21 10:45,Exit Long,39998,17,339991.5,-29.24,-0.01,159.63,0.05,-265.37,-0.08,30164.86,15.08,3
165,Entry long,2024-05-21 10:00,Long,39999,17,339991.5,-29.24,-0.01,159.63,0.05,-265.37,-0.08,30164.86,15.08,3
166,Exit long,2024-05-24 11:30,Exit Long,39240,15,294825,-543.3,-0.18,28.35,0.01,-534.15,-0.18,29621.56,14.81,2
166,Entry long,2024-05-24 11:00,Long,39310,15,294825,-543.3,-0.18,28.35,0.01,-534.15,-0.18,29621.56,14.81,2
167,Exit long,2024-06-04 10:30,Exit Long,38708,17,328814,183.26,0.06,703.63,0.21,-214.37,-0.07,29804.82,14.90,3
167,Entry long,2024-06-04 09:45,Long,38684,17,328814,183.26,0.06,703.63,0.21,-214.37,-0.07,29804.82,14.90,3
168,Exit long,2024-06-07 10:45,Exit Long,39074,13,253799,166.14,0.07,830.57,0.33,-345.93,-0.14,29970.96,14.99,2
168,Entry long,2024-06-07 10:15,Long,39046,13,253799,166.14,0.07,830.57,0.33,-345.93,-0.14,29970.96,14.99,2
169,Exit long,2024-06-21 10:30,Exit Long,39644,16,317152,-19.52,-0.01,334.24,0.11,-177.76,-0.06,29951.44,14.98,2
169,Entry long,2024-06-21 10:00,Long,39644,16,317152,-19.52,-0.01,334.24,0.11,-177.76,-0.06,29951.44,14.98,2
170,Exit long,2024-07-09 13:15,Exit Long,39755,17,337297,599.76,0.18,1137.13,0.34,-69.87,-0.02,30551.2,15.28,4
170,Entry long,2024-07-09 12:15,Long,39682,17,337297,599.76,0.18,1137.13,0.34,-69.87,-0.02,30551.2,15.28,4
171,Exit long,2024-07-12 10:45,Exit Long,40262,16,322096,-19.52,-0.01,134.24,0.04,-385.76,-0.12,30531.68,15.27,2
171,Entry long,2024-07-12 10:15,Long,40262,16,322096,-19.52,-0.01,134.24,0.04,-385.76,-0.12,30531.68,15.27,2
172,Exit long,2024-07-12 12:00,Exit Long,40354,16,322464,348.48,0.11,822.24,0.25,-89.76,-0.03,30880.16,15.44,5
172,Entry long,2024-07-12 10:45,Long,40308,16,322464,348.48,0.11,822.24,0.25,-89.76,-0.03,30880.16,15.44,5
173,Exit long,2024-07-16 11:30,Exit Long,41074,13,266123,842.14,0.32,1396.07,0.52,-14.43,-0.01,31663.13,15.83,7
173,Entry long,2024-07-16 09:45,Long,40942,13,266123,842.14,0.32,1396.07,0.52,-14.43,-0.01,31663.13,15.83,7
174,Exit long,2024-07-16 11:30,Exit Long Add,41074,97,1994077.5,-2106.84,-0.11,0,0.00,-2047.67,-0.10,29615.46,14.81,1
174,Entry long,2024-07-16 11:15,Long Add,41115,97,1994077.5,-2106.84,-0.11,0,0.00,-2047.67,-0.10,29615.46,14.81,1
175,Exit long,2024-07-26 10:30,Exit Long,40732,14,284963,143.92,0.05,852.46,0.30,-393.54,-0.14,29759.38,14.88,3
175,Entry long,2024-07-26 09:45,Long,40709,14,284963,143.92,0.05,852.46,0.30,-393.54,-0.14,29759.38,14.88,3
176,Exit long,2024-07-26 13:30,Exit Long,40918,10,204460,117.8,0.06,513.9,0.25,-306.1,-0.15,29877.18,14.94,7
176,Entry long,2024-07-26 11:45,Long,40892,10,204460,117.8,0.06,513.9,0.25,-306.1,-0.15,29877.18,14.94,7
177,Exit long,2024-08-06 11:15,Exit Long,39208,7,137210.5,8.96,0.01,671.23,0.49,-249.27,-0.18,29886.14,14.94,5
177,Entry long,2024-08-06 10:00,Long,39203,7,137210.5,8.96,0.01,671.23,0.49,-249.27,-0.18,29886.14,14.94,5
178,Exit long,2024-08-13 13:45,Exit Long,39747,12,239016,-548.64,-0.23,0,0.00,-541.32,-0.23,29337.5,14.67,4
178,Entry long,2024-08-13 12:45,Long,39836,12,239016,-548.64,-0.23,0,0.00,-541.32,-0.23,29337.5,14.67,4
179,Exit long,2024-08-16 15:00,Exit Long,40827,17,347029.5,-20.74,-0.01,236.13,0.07,-503.37,-0.15,29316.76,14.66,9
179,Entry long,2024-08-16 12:45,Long,40827,17,347029.5,-20.74,-0.01,236.13,0.07,-503.37,-0.15,29316.76,14.66,9
180,Exit long,2024-09-13 10:30,Exit Long,41361,16,330888,-19.52,-0.01,718.24,0.22,-721.76,-0.22,29297.24,14.65,3
180,Entry long,2024-09-13 09:45,Long,41361,16,330888,-19.52,-0.01,718.24,0.22,-721.76,-0.22,29297.24,14.65,3
181,Exit long,2024-09-13 11:00,Exit Long,41393,11,228162,-513.92,-0.23,4.29,0.00,-606.21,-0.27,28783.32,14.39,2
181,Entry long,2024-09-13 10:30,Long,41484,11,228162,-513.92,-0.23,4.29,0.00,-606.21,-0.27,28783.32,14.39,2
182,Exit long,2024-09-17 10:45,Exit Long,42166,15,316770,-543.3,-0.17,110.85,0.03,-534.15,-0.17,28240.02,14.12,2
182,Entry long,2024-09-17 10:15,Long,42236,15,316770,-543.3,-0.17,110.85,0.03,-534.15,-0.17,28240.02,14.12,2
183,Exit long,2024-09-20 13:15,Exit Long,42485,14,297388,-10.08,0.00,187.46,0.06,-148.54,-0.05,28229.94,14.11,3
183,Entry long,2024-09-20 12:30,Long,42484,14,297388,-10.08,0.00,187.46,0.06,-148.54,-0.05,28229.94,14.11,3
184,Exit long,2024-09-27 11:30,Exit Long,42954,17,363817,1271.26,0.35,1706.63,0.47,-35.87,-0.01,29501.2,14.75,6
184,Entry long,2024-09-27 10:00,Long,42802,17,363817,1271.26,0.35,1706.63,0.47,-35.87,-0.01,29501.2,14.75,6
185,Exit long,2024-10-11 12:00,Exit Long,43058,15,322357.5,559.2,0.17,995.85,0.31,-16.65,-0.01,29992.08,15.00,8
185,Entry long,2024-10-11 10:00,Long,42981,15,322357.5,559.2,0.17,995.85,0.31,-16.65,-0.01,29992.08,15.00,8
186,Exit long,2024-10-11 12:00,Exit Long Add,43058,112,2413992,-2880.64,-0.12,379.68,0.02,-2812.32,-0.12,27179.76,13.59,2
186,Entry long,2024-10-11 11:30,Long Add,43107,112,2413992,-2880.64,-0.12,379.68,0.02,-2812.32,-0.12,27179.76,13.59,2
187,Exit long,2024-10-18 13:15,Exit Long,43526,17,369971,-20.74,-0.01,372.13,0.10,-180.37,-0.05,27159.02,13.58,3
187,Entry long,2024-10-18 12:30,Long,43526,17,369971,-20.74,-0.01,372.13,0.10,-180.37,-0.05,27159.02,13.58,3
188,Exit long,2024-10-22 13:00,Exit Long,43157,17,366834.5,-20.74,-0.01,219.13,0.06,-103.87,-0.03,27138.28,13.57,2
188,Entry long,2024-10-22 12:30,Long,43157,17,366834.5,-20.74,-0.01,219.13,0.06,-103.87,-0.03,27138.28,13.57,2
189,Exit long,2024-11-01 10:30,Exit Long,42340,12,254688,-662.64,-0.26,16.68,0.01,-817.32,-0.32,26475.64,13.24,1
189,Entry long,2024-11-01 10:15,Long,42448,12,254688,-662.64,-0.26,16.68,0.01,-817.32,-0.32,26475.64,13.24,1
190,Exit long,2024-11-01 11:45,Exit Long,42392,11,233678.5,-535.92,-0.23,26.29,0.01,-529.21,-0.23,25939.72,12.97,2
190,Entry long,2024-11-01 11:15,Long,42487,11,233678.5,-535.92,-0.23,26.29,0.01,-529.21,-0.23,25939.72,12.97,2
191,Exit long,2024-11-05 10:45,Exit Long,42267,17,358377,871.76,0.24,1443.13,0.40,-231.37,-0.06,26811.48,13.41,4
191,Entry long,2024-11-05 09:45,Long,42162,17,358377,871.76,0.24,1443.13,0.40,-231.37,-0.06,26811.48,13.41,4
192,Exit long,2024-11-08 11:30,Exit Long,44139,17,374399.5,761.26,0.20,1179.63,0.32,-171.87,-0.05,27572.74,13.79,6
192,Entry long,2024-11-08 10:00,Long,44047,17,374399.5,761.26,0.20,1179.63,0.32,-171.87,-0.05,27572.74,13.79,6
193,Exit long,2024-11-12 09:45,Exit Long,44437,17,378556,-862.24,-0.23,0,0.00,-936.87,-0.25,26710.5,13.36,1
193,Entry long,2024-11-12 09:30,Long,44536,17,378556,-862.24,-0.23,0,0.00,-936.87,-0.25,26710.5,13.36,1
194,Exit long,2024-11-19 13:15,Exit Long,43411,10,217045,-2.2,0.00,243.9,0.11,-361.1,-0.17,26708.3,13.35,8
194,Entry long,2024-11-19 11:15,Long,43409,10,217045,-2.2,0.00,243.9,0.11,-361.1,-0.17,26708.3,13.35,8
195,Exit long,2024-11-29 12:45,Exit Long,45120,17,382653,846.26,0.22,1281.63,0.33,-120.87,-0.03,27477.09,13.74,8
195,Entry long,2024-11-29 10:45,Long,45018,17,382653,846.26,0.22,1281.63,0.33,-120.87,-0.03,27477.09,13.74,8
196,Exit long,2024-11-29 12:45,Exit Long Add,45120,127,2866898,-1932.94,-0.07,1256.03,0.04,-1855.47,-0.06,25621.62,12.81,2
196,Entry long,2024-11-29 12:15,Long Add,45148,127,2866898,-1932.94,-0.07,1256.03,0.04,-1855.47,-0.06,25621.62,12.81,2
197,Exit long,2024-12-20 12:30,Exit Long,43570,9,193608,2446.02,1.26,2870.01,1.48,-36.99,-0.02,28026.77,14.01,9
197,Entry long,2024-12-20 10:15,Long,43024,9,193608,2446.02,1.26,2870.01,1.48,-36.99,-0.02,28026.77,14.01,9
198,Exit long,2024-12-20 12:30,Exit Long Add,43570,67,1458858,655.26,0.04,3811.63,0.26,-1213.37,-0.08,28722.9,14.36,3
198,Entry long,2024-12-20 11:45,Long Add,43548,67,1458858,655.26,0.04,3811.63,0.26,-1213.37,-0.08,28722.9,14.36,3
199,Exit long,2024-12-24 12:30,Exit Long,43559,17,370132.5,98.26,0.03,652.63,0.18,-528.87,-0.14,28821.16,14.41,4
199,Entry long,2024-12-24 11:30,Long,43545,17,370132.5,98.26,0.03,652.63,0.18,-528.87,-0.14,28821.16,14.41,4
200,Exit long,2025-01-17 12:00,Exit Long,43779,17,371968.5,132.26,0.04,618.63,0.17,-256.87,-0.07,28953.42,14.48,5
200,Entry long,2025-01-17 10:45,Long,43761,17,371968.5,132.26,0.04,618.63,0.17,-256.87,-0.07,28953.42,14.48,5
201,Exit long,2025-01-28 11:15,Exit Long,45080,13,293013.5,-9.36,0.00,518.57,0.18,-157.43,-0.05,28944.06,14.47,3
201,Entry long,2025-01-28 10:30,Long,45079,13,293013.5,-9.36,0.00,518.57,0.18,-157.43,-0.05,28944.06,14.47,3
202,Exit long,2025-02-07 10:00,Exit Long,44745,17,382151.5,-1839.74,-0.48,15.13,0.00,-2084.37,-0.55,27104.32,13.55,1
202,Entry long,2025-02-07 09:45,Long,44959,17,382151.5,-1839.74,-0.48,15.13,0.00,-2084.37,-0.55,27104.32,13.55,1
203,Exit long,2025-02-11 12:00,Exit Long,44584,17,378743,200.26,0.05,797.13,0.21,-27.37,-0.01,27304.58,13.65,6
203,Entry long,2025-02-11 10:30,Long,44558,17,378743,200.26,0.05,797.13,0.21,-27.37,-0.01,27304.58,13.65,6
204,Exit long,2025-03-14 12:00,Exit Long,41390,9,186151.5,92.52,0.05,521.01,0.28,-189.99,-0.10,27397.1,13.70,5
204,Entry long,2025-03-14 10:45,Long,41367,9,186151.5,92.52,0.05,521.01,0.28,-189.99,-0.10,27397.1,13.70,5
205,Exit long,2025-03-21 13:15,Exit Long,42206,8,168816,-1.76,0.00,343.12,0.20,-168.88,-0.10,27395.34,13.70,4
205,Entry long,2025-03-21 12:15,Long,42204,8,168816,-1.76,0.00,343.12,0.20,-168.88,-0.10,27395.34,13.70,4
206,Exit long,2025-04-01 12:15,Exit Long,42272,7,147756,187.46,0.13,702.73,0.48,-98.77,-0.07,27582.8,13.79,6
206,Entry long,2025-04-01 10:45,Long,42216,7,147756,187.46,0.13,702.73,0.48,-98.77,-0.07,27582.8,13.79,6
207,Exit long,2025-04-22 11:30,Exit Long,39110,10,195460,77.8,0.04,523.9,0.27,-231.1,-0.12,27660.6,13.83,4
207,Entry long,2025-04-22 10:30,Long,39092,10,195460,77.8,0.04,523.9,0.27,-231.1,-0.12,27660.6,13.83,4
208,Exit long,2025-04-22 12:30,Exit Long,39386,8,157536,-1.76,0.00,255.12,0.16,-164.88,-0.10,27658.84,13.83,2
208,Entry long,2025-04-22 12:00,Long,39384,8,157536,-1.76,0.00,255.12,0.16,-164.88,-0.10,27658.84,13.83,2
209,Exit long,2025-04-29 11:30,Exit Long,40522,8,162604,-525.76,-0.32,43.12,0.03,-520.88,-0.32,27133.08,13.57,3
209,Entry long,2025-04-29 10:45,Long,40651,8,162604,-525.76,-0.32,43.12,0.03,-520.88,-0.32,27133.08,13.57,3
210,Exit long,2025-05-02 13:15,Exit Long,41384,8,166016,-489.76,-0.29,7.12,0.00,-484.88,-0.29,26643.32,13.32,5
210,Entry long,2025-05-02 12:00,Long,41504,8,166016,-489.76,-0.29,7.12,0.00,-484.88,-0.29,26643.32,13.32,5
211,Exit long,2025-05-16 15:30,Exit Long,42698,13,276711.5,809.64,0.29,1240.07,0.45,-163.93,-0.06,27393.79,13.70,12
211,Entry long,2025-05-16 12:30,Long,42571,13,276711.5,809.64,0.29,1240.07,0.45,-163.93,-0.06,27393.79,13.70,12
212,Exit long,2025-05-16 15:30,Exit Long Add,42698,97,2069010,1724.66,0.08,4936.33,0.24,-156.17,-0.01,29177.62,14.59,6
212,Entry long,2025-05-16 14:00,Long Add,42660,97,2069010,1724.66,0.08,4936.33,0.24,-156.17,-0.01,29177.62,14.59,6
213,Exit long,2025-05-27 15:00,Exit Long,42363,13,274787.5,556.14,0.20,941.07,0.34,-176.93,-0.06,29674.59,14.84,14
213,Entry long,2025-05-27 11:30,Long,42275,13,274787.5,556.14,0.20,941.07,0.34,-176.93,-0.06,29674.59,14.84,14
214,Exit long,2025-05-27 15:00,Exit Long Add,42363,97,2055963.5,-1476.34,-0.07,1395.83,0.07,-1417.17,-0.07,28257.42,14.13,5
214,Entry long,2025-05-27 13:45,Long Add,42391,97,2055963.5,-1476.34,-0.07,1395.83,0.07,-1417.17,-0.07,28257.42,14.13,5
215,Exit long,2025-05-30 10:45,Exit Long,42223,11,232743.5,-530.42,-0.23,119.79,0.05,-523.71,-0.23,27727,13.86,3
215,Entry long,2025-05-30 10:00,Long,42317,11,232743.5,-530.42,-0.23,119.79,0.05,-523.71,-0.23,27727,13.86,3
216,Exit long,2025-06-03 13:45,Exit Long,42570,15,318397.5,859.2,0.27,1303.35,0.41,-159.15,-0.05,28517.88,14.26,11
216,Entry long,2025-06-03 11:00,Long,42453,15,318397.5,859.2,0.27,1303.35,0.41,-159.15,-0.05,28517.88,14.26,11
217,Exit long,2025-06-03 13:45,Exit Long Add,42570,112,2382856,927.36,0.04,4243.68,0.18,-1468.32,-0.06,29513.56,14.76,5
217,Entry long,2025-06-03 12:30,Long Add,42551,112,2382856,927.36,0.04,4243.68,0.18,-1468.32,-0.06,29513.56,14.76,5
218,Exit long,2025-06-27 12:45,Exit Long,44232,17,374059.5,1891.76,0.51,2378.13,0.64,-282.37,-0.08,31327.85,15.66,11
218,Entry long,2025-06-27 10:00,Long,44007,17,374059.5,1891.76,0.51,2378.13,0.64,-282.37,-0.08,31327.85,15.66,11
219,Exit long,2025-06-27 12:45,Exit Long Add,44232,127,2805112.5,3464.56,0.12,7098.03,0.25,-902.97,-0.03,34869.88,17.43,5
219,Entry long,2025-06-27 11:30,Long Add,44175,127,2805112.5,3464.56,0.12,7098.03,0.25,-902.97,-0.03,34869.88,17.43,5
220,Exit long,2025-07-01 11:30,Exit Long,44785,16,356432,1828.48,0.51,2398.24,0.67,-49.76,-0.01,36698.36,18.35,6
220,Entry long,2025-07-01 10:00,Long,44554,16,356432,1828.48,0.51,2398.24,0.67,-49.76,-0.01,36698.36,18.35,6
221,Exit long,2025-07-01 12:30,Exit Long,44808,12,269370,-536.64,-0.20,124.68,0.05,-529.32,-0.20,36161.72,18.08,2
221,Entry long,2025-07-01 12:00,Long,44895,12,269370,-536.64,-0.20,124.68,0.05,-529.32,-0.20,36161.72,18.08,2
222,Exit long,2025-08-12 11:15,Exit Long,44507,10,222525,-2.2,0.00,383.9,0.17,-411.1,-0.18,36159.52,18.08,5
222,Entry long,2025-08-12 10:00,Long,44505,10,222525,-2.2,0.00,383.9,0.17,-411.1,-0.18,36159.52,18.08,5
223,Exit long,2025-08-19 10:45,Exit Long,45188,16,362040,-555.52,-0.15,262.24,0.07,-545.76,-0.15,35604,17.80,2
223,Entry long,2025-08-19 10:15,Long,45255,16,362040,-555.52,-0.15,262.24,0.07,-545.76,-0.15,35604,17.80,2
224,Exit long,2025-08-22 12:15,Exit Long,45749,10,228735,-2.2,0.00,463.9,0.20,-351.1,-0.15,35601.8,17.80,6
224,Entry long,2025-08-22 10:45,Long,45747,10,228735,-2.2,0.00,463.9,0.20,-351.1,-0.15,35601.8,17.80,6
225,Exit long,2025-09-09 11:45,Exit Long,45622,14,319879,-542.08,-0.17,271.46,0.08,-533.54,-0.17,35059.72,17.53,2
225,Entry long,2025-09-09 11:15,Long,45697,14,319879,-542.08,-0.17,271.46,0.08,-533.54,-0.17,35059.72,17.53,2
226,Exit long,2025-09-23 10:15,Exit Long,46976,17,399738,-462.74,-0.12,227.63,0.06,-477.87,-0.12,34596.98,17.30,2
226,Entry long,2025-09-23 09:45,Long,47028,17,399738,-462.74,-0.12,227.63,0.06,-477.87,-0.12,34596.98,17.30,2
227,Exit long,2025-10-03 10:45,Exit Long,47210,17,399678.5,1585.76,0.40,2123.13,0.53,-324.87,-0.08,36182.74,18.09,4
227,Entry long,2025-10-03 09:45,Long,47021,17,399678.5,1585.76,0.40,2123.13,0.53,-324.87,-0.08,36182.74,18.09,4
228,Exit long,2025-10-03 12:45,Exit Long,47301,13,307450,-9.36,0.00,148.07,0.05,-176.93,-0.06,36173.38,18.09,3
228,Entry long,2025-10-03 12:00,Long,47300,13,307450,-9.36,0.00,148.07,0.05,-176.93,-0.06,36173.38,18.09,3
229,Exit long,2025-10-14 15:30,Exit Long,46614,7,161469,1671.46,1.04,2127.23,1.32,-105.77,-0.07,37813.12,18.91,21
229,Entry long,2025-10-14 10:15,Long,46134,7,161469,1671.46,1.04,2127.23,1.32,-105.77,-0.07,37813.12,18.91,21
230,Exit long,2025-10-14 15:30,Exit Long Add,46614,52,1207960,3940.56,0.33,7326.28,0.61,-1799.72,-0.15,41785.4,20.89,15
230,Entry long,2025-10-14 11:45,Long Add,46460,52,1207960,3940.56,0.33,7326.28,0.61,-1799.72,-0.15,41785.4,20.89,15
231,Exit long,2025-10-21 11:15,Exit Long,47276,14,330029,885.92,0.27,1314.46,0.40,-155.54,-0.05,42671.32,21.34,3
231,Entry long,2025-10-21 10:30,Long,47147,14,330029,885.92,0.27,1314.46,0.40,-155.54,-0.05,42671.32,21.34,3
232,Exit long,2025-10-24 10:30,Exit Long,47243,13,307599.5,-535.86,-0.17,206.57,0.07,-527.93,-0.17,42135.46,21.07,3
232,Entry long,2025-10-24 09:45,Long,47323,13,307599.5,-535.86,-0.17,206.57,0.07,-527.93,-0.17,42135.46,21.07,3
233,Exit long,2025-10-24 11:45,Exit Long,47433,12,284592,-8.64,0.00,208.68,0.07,-67.32,-0.02,42126.82,21.06,2
233,Entry long,2025-10-24 11:15,Long,47432,12,284592,-8.64,0.00,208.68,0.07,-67.32,-0.02,42126.82,21.06,2
234,Exit long,2025-11-04 10:45,Exit Long,47326,13,307300.5,302.64,0.10,811.07,0.26,-27.43,-0.01,42429.46,21.21,4
234,Entry long,2025-11-04 09:45,Long,47277,13,307300.5,302.64,0.10,811.07,0.26,-27.43,-0.01,42429.46,21.21,4
235,Exit long,2025-11-11 14:00,Exit Long,47959,14,334397,1298.92,0.39,1776.46,0.53,-64.54,-0.02,43664.33,21.83,9
235,Entry long,2025-11-11 11:45,Long,47771,14,334397,1298.92,0.39,1776.46,0.53,-64.54,-0.02,43664.33,21.83,9
236,Exit long,2025-11-11 14:00,Exit Long Add,47959,105,2520577.5,-2858.1,-0.11,460.95,0.02,-2794.05,-0.11,40870.28,20.44,3
236,Entry long,2025-11-11 13:15,Long Add,48011,105,2520577.5,-2858.1,-0.11,460.95,0.02,-2794.05,-0.11,40870.28,20.44,3
237,Exit long,2025-11-14 12:00,Exit Long,47370,8,189468,2.24,0.00,155.12,0.08,-312.88,-0.17,40872.52,20.44,3
237,Entry long,2025-11-14 11:15,Long,47367,8,189468,2.24,0.00,155.12,0.08,-312.88,-0.17,40872.52,20.44,3
238,Exit long,2025-11-21 13:00,Exit Long,46428,6,138804,472.68,0.34,887.34,0.64,-108.66,-0.08,41345.2,20.67,6
238,Entry long,2025-11-21 11:30,Long,46268,6,138804,472.68,0.34,887.34,0.64,-108.66,-0.08,41345.2,20.67,6
239,Exit long,2025-11-25 11:45,Exit Long,46873,7,164045,1.96,0.00,195.23,0.12,-473.27,-0.29,41347.16,20.67,5
239,Entry long,2025-11-25 10:30,Long,46870,7,164045,1.96,0.00,195.23,0.12,-473.27,-0.29,41347.16,20.67,5
240,Exit long,2025-11-25 16:30,EOD Flat,47198,7,164304,880.46,0.54,1066.73,0.65,-18.27,-0.01,42195.9,21.10,19
240,Entry long,2025-11-25 11:45,Long,46944,7,164304,880.46,0.54,1066.73,0.65,-18.27,-0.01,42195.9,21.10,19
241,Exit long,2025-11-25 16:30,EOD Flat,47198,52,1224262,2822.56,0.23,4206.28,0.34,-395.72,-0.03,45050.18,22.53,8
241,Entry long,2025-11-25 14:30,Long Add,47087,52,1224262,2822.56,0.23,4206.28,0.34,-395.72,-0.03,45050.18,22.53,8
242,Exit long,2025-11-28 11:15,Exit Long,47732,17,404685,1016.26,0.25,1434.63,0.35,-409.87,-0.10,45988.97,22.99,7
242,Entry long,2025-11-28 09:30,Long,47610,17,404685,1016.26,0.25,1434.63,0.35,-409.87,-0.10,45988.97,22.99,7
243,Exit long,2025-11-28 11:15,Exit Long Add,47732,127,3033585.5,-2758.44,-0.09,367.03,0.01,-2680.97,-0.09,43308,21.65,1
243,Entry long,2025-11-28 11:00,Long Add,47773,127,3033585.5,-2758.44,-0.09,367.03,0.01,-2680.97,-0.09,43308,21.65,1
244,Exit long,2025-12-02 10:15,Exit Long,47416,14,332724,-829.08,-0.25,292.46,0.09,-883.54,-0.27,42478.92,21.24,1
244,Entry long,2025-12-02 10:00,Long,47532,14,332724,-829.08,-0.25,292.46,0.09,-883.54,-0.27,42478.92,21.24,1
245,Exit long,2025-12-02 11:15,Exit Long,47518,10,238090,-512.2,-0.22,248.9,0.10,-506.1,-0.21,41966.72,20.98,2
245,Entry long,2025-12-02 10:45,Long,47618,10,238090,-512.2,-0.22,248.9,0.10,-506.1,-0.21,41966.72,20.98,2
246,Exit long,2025-12-05 10:15,Exit Long,48097,17,408697,106.76,0.03,856.63,0.21,-44.37,-0.01,42073.48,21.04,2
246,Entry long,2025-12-05 09:45,Long,48082,17,408697,106.76,0.03,856.63,0.21,-44.37,-0.01,42073.48,21.04,2
247,Exit long,2025-12-09 10:00,Exit Long,47901,17,406929,208.76,0.05,1094.63,0.27,-384.37,-0.09,42282.24,21.14,2
247,Entry long,2025-12-09 09:30,Long,47874,17,406929,208.76,0.05,1094.63,0.27,-384.37,-0.09,42282.24,21.14,2
248,Exit long,2025-12-23 14:00,Exit Long,48791,17,414664,38.76,0.01,576.13,0.14,-477.87,-0.12,42321,21.16,14
248,Entry long,2025-12-23 10:30,Long,48784,17,414664,38.76,0.01,576.13,0.14,-477.87,-0.12,42321,21.16,14
249,Exit long,2026-01-06 10:15,Exit Long,49376,17,418803.5,871.76,0.21,1451.63,0.35,-333.37,-0.08,43192.76,21.60,3
249,Entry long,2026-01-06 09:30,Long,49271,17,418803.5,871.76,0.21,1451.63,0.35,-333.37,-0.08,43192.76,21.60,3
250,Exit long,2026-01-06 14:30,Exit Long,49690,12,296790,1335.36,0.45,1696.68,0.57,-265.32,-0.09,44473.22,22.24,13
250,Entry long,2026-01-06 11:15,Long,49465,12,296790,1335.36,0.45,1696.68,0.57,-265.32,-0.09,44473.22,22.24,13
251,Exit long,2026-01-06 14:30,Exit Long Add,49690,90,2234565,1375.2,0.06,4085.1,0.18,-1179.9,-0.05,45903.32,22.95,7
251,Entry long,2026-01-06 12:45,Long Add,49657,90,2234565,1375.2,0.06,4085.1,0.18,-1179.9,-0.05,45903.32,22.95,7
252,Exit long,2026-01-09 12:15,Exit Long,49753,9,223879.5,-1.98,0.00,156.51,0.07,-59.49,-0.03,45901.34,22.95,2
252,Entry long,2026-01-09 11:45,Long,49751,9,223879.5,-1.98,0.00,156.51,0.07,-59.49,-0.03,45901.34,22.95,2
253,Exit long,2026-01-20 11:00,Exit Long,48966,9,220842,-505.98,-0.23,53.01,0.02,-500.49,-0.23,45395.36,22.70,2
253,Entry long,2026-01-20 10:30,Long,49076,9,220842,-505.98,-0.23,53.01,0.02,-500.49,-0.23,45395.36,22.70,2
254,Exit long,2026-02-06 16:30,EOD Flat,50186,8,199484,1250.24,0.63,1563.12,0.78,-584.88,-0.29,46609,23.30,24
254,Entry long,2026-02-06 10:30,Long,49871,8,199484,1250.24,0.63,1563.12,0.78,-584.88,-0.29,46609,23.30,24
255,Exit long,2026-02-06 16:30,EOD Flat,50186,60,1501080,4426.8,0.29,6773.4,0.45,-1086.6,-0.07,51072.4,25.54,15
255,Entry long,2026-02-06 12:45,Long Add,50036,60,1501080,4426.8,0.29,6773.4,0.45,-1086.6,-0.07,51072.4,25.54,15
256,Exit long,2026-02-10 10:00,Exit Long,50546,15,378232.5,844.2,0.22,1325.85,0.35,-99.15,-0.03,51916.6,25.96,2
256,Entry long,2026-02-10 09:30,Long,50431,15,378232.5,844.2,0.22,1325.85,0.35,-99.15,-0.03,51916.6,25.96,2
257,Exit long,2026-03-10 11:45,Exit Long,48040,6,144108,4.68,0.00,158.34,0.11,-276.66,-0.19,51921.28,25.96,4
257,Entry long,2026-03-10 10:45,Long,48036,6,144108,4.68,0.00,158.34,0.11,-276.66,-0.19,51921.28,25.96,4
258,Exit long,2026-03-24 13:00,Exit Long,46485,6,139980,-532.32,-0.38,131.34,0.09,-528.66,-0.38,51388.96,25.69,7
258,Entry long,2026-03-24 11:15,Long,46660,6,139980,-532.32,-0.38,131.34,0.09,-528.66,-0.38,51388.96,25.69,7
259,Exit long,2026-03-31 13:15,Exit Long,46367,4,92722,7.12,0.01,167.56,0.18,-360.44,-0.39,51396.08,25.70,3
259,Entry long,2026-03-31 12:30,Long,46361,4,92722,7.12,0.01,167.56,0.18,-360.44,-0.39,51396.08,25.70,3
260,Exit long,2026-04-17 11:15,Exit Long,49717,8,198068,790.24,0.40,1327.12,0.67,-104.88,-0.05,52186.32,26.09,6
260,Entry long,2026-04-17 09:45,Long,49517,8,198068,790.24,0.40,1327.12,0.67,-104.88,-0.05,52186.32,26.09,6
261,Exit long,2026-04-17 13:00,Exit Long,49864,8,199444,2.24,0.00,247.12,0.12,-168.88,-0.08,52188.56,26.09,5
261,Entry long,2026-04-17 11:45,Long,49861,8,199444,2.24,0.00,247.12,0.12,-168.88,-0.08,52188.56,26.09,5
262,Exit long,2026-05-29 12:15,Exit Long,51049,11,280687,69.08,0.02,581.79,0.21,-17.71,-0.01,52257.64,26.13,6
262,Entry long,2026-05-29 10:45,Long,51034,11,280687,69.08,0.02,581.79,0.21,-17.71,-0.01,52257.64,26.13,6
263,Exit long,2026-06-16 13:30,Exit Long,52564,11,289096.5,-7.92,0.00,411.29,0.14,-28.71,-0.01,52249.72,26.12,7
263,Entry long,2026-06-16 11:45,Long,52563,11,289096.5,-7.92,0.00,411.29,0.14,-28.71,-0.01,52249.72,26.12,7
264,Exit long,2026-06-23 10:30,Exit Long,52125,8,208492,-1.76,0.00,327.12,0.16,-116.88,-0.06,52247.96,26.12,2
264,Entry long,2026-06-23 10:00,Long,52123,8,208492,-1.76,0.00,327.12,0.16,-116.88,-0.06,52247.96,26.12,2
265,Exit long,2026-06-23 12:45,Exit Long,52229,8,208908,-1.76,0.00,155.12,0.07,-216.88,-0.10,52246.2,26.12,3
265,Entry long,2026-06-23 12:00,Long,52227,8,208908,-1.76,0.00,155.12,0.07,-216.88,-0.10,52246.2,26.12,3
266,Exit long,2026-06-26 11:45,Exit Long,52458,7,183592.5,1.96,0.00,303.73,0.17,-18.27,-0.01,52248.16,26.12,2
266,Entry long,2026-06-26 11:15,Long,52455,7,183592.5,1.96,0.00,303.73,0.17,-18.27,-0.01,52248.16,26.12,2
267,Exit long,2026-06-30 16:15,Exit Long,52627,9,237316.5,-505.98,-0.21,116.01,0.05,-500.49,-0.21,51742.18,25.87,17
267,Entry long,2026-06-30 12:00,Long,52737,9,237316.5,-505.98,-0.21,116.01,0.05,-500.49,-0.21,51742.18,25.87,17